Purple Coordinates;Orange Coordinates
(1146, 56);(874, 597)
(1146, 56);(871, 602)
(1146, 63);(871, 602)
(1146, 56);(872, 602)
(1146, 56);(872, 602)
(1148, 62);(873, 602)
(1148, 56);(873, 602)
(1148, 56);(873, 602)
(1148, 56);(873, 602)
(1148, 56);(873, 602)
(1148, 63);(872, 602)
(1148, 63);(872, 602)
(1148, 58);(876, 597)
(1148, 58);(876, 598)
(1148, 58);(876, 597)
(1146, 64);(876, 597)
(1146, 63);(873, 601)
(1146, 56);(873, 601)
(1151, 60);(873, 601)
(1151, 60);(872, 600)
(1148, 56);(872, 600)
(1148, 63);(872, 600)
(1148, 58);(872, 600)
(1146, 64);(873, 602)
(1146, 63);(873, 602)
(1146, 63);(873, 602)
(1144, 63);(873, 602)
(1144, 63);(873, 602)
(1144, 63);(872, 600)
(1144, 63);(872, 600)
(1146, 63);(872, 600)
(1146, 68);(872, 600)
(1146, 67);(872, 600)
(1146, 67);(871, 600)
(1146, 67);(871, 600)
(1146, 67);(871, 600)
(1149, 64);(871, 602)
(1146, 65);(871, 602)
(1149, 62);(872, 603)
(1149, 62);(872, 603)
(1149, 62);(871, 603)
(1148, 61);(871, 603)
(1148, 61);(874, 597)
(1144, 65);(874, 597)
(1148, 61);(874, 597)
(1144, 65);(870, 600)
(1144, 63);(871, 600)
(1149, 60);(872, 600)
(1149, 60);(871, 600)
(1146, 65);(871, 600)
(1146, 65);(874, 596)
(1150, 60);(874, 597)
(1146, 65);(874, 598)
(1146, 56);(871, 602)
(1148, 56);(876, 598)
(1148, 64);(876, 598)
(1148, 56);(876, 598)
(1147, 65);(876, 598)
(1148, 58);(872, 601)
(1146, 58);(872, 601)
(1150, 59);(872, 601)
(1146, 62);(872, 601)
(1146, 62);(873, 602)
(1146, 61);(873, 602)
(1146, 61);(874, 601)
(1148, 61);(876, 602)
(1148, 61);(876, 601)
(1148, 61);(876, 601)
(1150, 59);(877, 601)
(1150, 59);(876, 601)
(1150, 59);(876, 601)
(1150, 59);(876, 600)
(1148, 56);(876, 600)
(1148, 56);(876, 600)
(1148, 64);(876, 601)
(1148, 64);(875, 602)
(1152, 61);(875, 601)
(1152, 61);(876, 601)
(1152, 61);(875, 602)
(1148, 63);(875, 601)
(1148, 63);(875, 601)
(1148, 63);(875, 601)
(1148, 63);(875, 601)
(1150, 61);(875, 601)
(1152, 59);(875, 602)
(1152, 59);(872, 602)
(1152, 59);(872, 602)
(1152, 59);(872, 602)
(1152, 59);(872, 602)
(1150, 58);(872, 602)
(1150, 58);(873, 603)
(1150, 58);(873, 603)
(1152, 59);(873, 603)
(1146, 62);(873, 602)
(1148, 61);(873, 601)
(1148, 61);(875, 601)
(1148, 61);(875, 601)
(1148, 61);(875, 601)
(1148, 60);(875, 603)
(1148, 60);(871, 603)
(1148, 54);(871, 603)
(1148, 54);(871, 600)
(1148, 59);(871, 599)
(1146, 59);(871, 599)
(1144, 59);(871, 600)
(1144, 54);(873, 600)
(1142, 61);(873, 602)
(1144, 61);(875, 604)
(1146, 61);(876, 603)
(1146, 61);(876, 605)
(1148, 61);(879, 601)
(1148, 61);(877, 601)
(1148, 61);(877, 601)
(1148, 60);(872, 601)
(1148, 61);(876, 594)
(1148, 54);(874, 593)
(1146, 61);(874, 593)
(1146, 61);(873, 593)
(1146, 61);(865, 597)
(1146, 61);(865, 598)
(1146, 61);(865, 598)
(1148, 60);(874, 595)
(1146, 59);(870, 600)
(1148, 59);(871, 600)
(1148, 59);(876, 597)
(1149, 59);(872, 600)
(1149, 59);(872, 600)
(1148, 60);(875, 595)
(1148, 59);(874, 595)
(1148, 59);(874, 594)
(1148, 52);(874, 594)
(1148, 52);(874, 594)
(1148, 52);(874, 594)
(1148, 59);(875, 594)
(1148, 59);(875, 594)
(1148, 59);(876, 594)
(1148, 59);(876, 594)
(1148, 59);(876, 594)
(1148, 59);(876, 594)
(1146, 59);(877, 594)
(1146, 57);(877, 594)
(1146, 57);(877, 594)
(1146, 57);(877, 594)
(1146, 57);(877, 594)
(1146, 57);(877, 595)
(1146, 57);(876, 595)
(1147, 57);(876, 595)
(1147, 57);(876, 595)
(1148, 59);(876, 596)
(1148, 59);(876, 596)
(1148, 59);(877, 595)
(1148, 59);(876, 595)
(1148, 56);(878, 596)
(1146, 59);(878, 597)
(1148, 59);(877, 598)
(1147, 52);(871, 604)
(1148, 52);(873, 604)
(1146, 57);(876, 601)
(1146, 50);(871, 605)
(1146, 50);(871, 605)
(1146, 50);(875, 597)
(1147, 49);(875, 596)
(1146, 55);(875, 596)
(1146, 55);(875, 595)
(1146, 55);(876, 596)
(1148, 55);(876, 596)
(1148, 55);(876, 596)
(1148, 55);(877, 596)
(1148, 55);(877, 596)
(1148, 57);(878, 596)
(1148, 57);(880, 596)
(1148, 57);(878, 596)
(1148, 57);(878, 596)
(1148, 57);(877, 596)
(1148, 57);(877, 596)
(1148, 50);(877, 595)
(1148, 55);(877, 595)
(1152, 53);(881, 595)
(1152, 53);(881, 595)
(1152, 53);(880, 595)
(1148, 55);(877, 594)
(1148, 55);(873, 594)
(1148, 55);(873, 594)
(1152, 53);(873, 594)
(1152, 53);(874, 594)
(1148, 56);(874, 595)
(1150, 50);(871, 599)
(1150, 55);(876, 595)
(1150, 48);(876, 595)
(1150, 55);(876, 595)
(1150, 55);(876, 595)
(1150, 55);(876, 595)
(1150, 55);(876, 594)
(1150, 55);(877, 594)
(1148, 56);(877, 594)
(1150, 55);(876, 594)
(1150, 55);(876, 594)
(1150, 55);(876, 594)
(1146, 46);(876, 595)
(1149, 49);(876, 595)
(1149, 49);(878, 595)
(1149, 49);(878, 595)
(1146, 53);(878, 595)
(1146, 53);(878, 595)
(1148, 53);(877, 596)
(1148, 53);(876, 596)
(1150, 48);(875, 596)
(1150, 55);(875, 596)
(1152, 55);(874, 595)
(1152, 55);(875, 594)
(1150, 56);(875, 594)
(1150, 50);(875, 594)
(1150, 50);(875, 594)
(1150, 50);(876, 594)
(1150, 50);(876, 594)
(1150, 49);(875, 594)
(1150, 55);(875, 594)
(1150, 55);(875, 595)
(1150, 55);(875, 595)
(1150, 55);(875, 595)
(1150, 55);(875, 595)
(1153, 51);(876, 595)
(1149, 48);(876, 594)
(1149, 48);(877, 593)
(1149, 48);(877, 593)
(1148, 54);(876, 593)
(1149, 48);(876, 593)
(1149, 48);(876, 593)
(1149, 48);(875, 594)
(1150, 48);(868, 598)
(1150, 48);(867, 597)
(1150, 48);(867, 597)
(1150, 50);(867, 597)
(1150, 55);(867, 597)
(1150, 55);(866, 597)
(1150, 55);(866, 598)
(1150, 55);(866, 599)
(1153, 52);(870, 599)
(1150, 55);(870, 599)
(1148, 55);(870, 599)
(1148, 55);(870, 599)
(1150, 49);(870, 599)
(1151, 50);(869, 599)
(1151, 50);(869, 599)
(1151, 50);(868, 599)
(1151, 50);(868, 599)
(1152, 49);(868, 599)
(1151, 49);(866, 600)
(1152, 55);(866, 600)
(1152, 55);(870, 600)
(1152, 56);(874, 595)
(1152, 56);(874, 595)
(1152, 49);(874, 594)
(1152, 50);(874, 594)
(1152, 50);(875, 595)
(1152, 57);(875, 595)
(1153, 52);(875, 596)
(1153, 52);(876, 596)
(1153, 52);(876, 596)
(1150, 57);(875, 596)
(1152, 55);(875, 595)
(1152, 55);(872, 598)
(1152, 55);(877, 594)
(1155, 52);(877, 595)
(1152, 55);(877, 595)
(1150, 55);(877, 595)
(1150, 55);(877, 595)
(1150, 55);(876, 595)
(1150, 55);(876, 595)
(1150, 56);(876, 595)
(1152, 50);(876, 595)
(1152, 50);(876, 594)
(1150, 55);(875, 595)
(1152, 57);(876, 595)
(1152, 57);(876, 594)
(1152, 57);(877, 594)
(1152, 57);(877, 595)
(1152, 57);(877, 594)
(1152, 57);(877, 594)
(1152, 57);(876, 594)
(1150, 57);(876, 594)
(1150, 57);(876, 594)
(1150, 57);(876, 594)
(1150, 57);(876, 594)
(1150, 57);(876, 595)
(1150, 50);(870, 598)
(1150, 50);(870, 598)
(1150, 50);(871, 599)
(1150, 55);(871, 599)
(1150, 55);(871, 599)
(1152, 55);(871, 600)
(1152, 55);(871, 600)
(1152, 55);(871, 600)
(1150, 50);(871, 600)
(1150, 50);(871, 600)
(1152, 55);(872, 600)
(1152, 55);(872, 599)
(1152, 55);(872, 599)
(1152, 55);(877, 595)
(1152, 55);(872, 599)
(1150, 50);(876, 595)
(1150, 50);(871, 599)
(1150, 50);(871, 599)
(1150, 50);(871, 599)
(1150, 50);(871, 599)
(1151, 50);(871, 599)
(1152, 57);(871, 599)
(1152, 57);(871, 599)
(1152, 57);(871, 599)
(1152, 57);(871, 599)
(1152, 50);(870, 599)
(1151, 50);(870, 599)
(1150, 50);(874, 594)
(1150, 50);(874, 594)
(1150, 50);(872, 598)
(1150, 50);(872, 598)
(1150, 50);(873, 598)
(1150, 56);(877, 599)
(1152, 55);(877, 600)
(1152, 55);(877, 600)
(1152, 55);(873, 600)
(1152, 55);(872, 600)
(1152, 55);(871, 600)
(1152, 55);(871, 600)
(1152, 55);(870, 600)
(1152, 55);(870, 600)
(1152, 55);(871, 600)
(1152, 55);(871, 600)
(1152, 55);(872, 600)
(1154, 52);(872, 600)
(1150, 50);(880, 601)
(1150, 50);(880, 601)
(1150, 50);(880, 601)
(1150, 50);(880, 601)
(1150, 50);(871, 600)
(1150, 50);(871, 600)
(1150, 48);(870, 601)
(1150, 48);(871, 600)
(1150, 50);(871, 600)
(1150, 50);(870, 598)
(1150, 50);(871, 599)
(1151, 50);(871, 599)
(1152, 57);(871, 599)
(1152, 57);(870, 598)
(1152, 57);(870, 598)
(1152, 57);(870, 598)
(1152, 57);(869, 600)
(1150, 55);(869, 600)
(1152, 55);(869, 600)
(1150, 55);(869, 600)
(1150, 55);(869, 600)
(1150, 55);(870, 600)
(1150, 55);(870, 600)
(1150, 56);(871, 600)
(1154, 53);(871, 600)
(1154, 53);(870, 598)
(1154, 53);(870, 598)
(1154, 53);(869, 600)
(1154, 53);(869, 600)
(1154, 53);(869, 600)
(1150, 57);(869, 600)
(1150, 57);(869, 600)
(1152, 50);(869, 600)
(1152, 48);(869, 599)
(1152, 48);(871, 598)
(1152, 48);(871, 598)
(1152, 48);(872, 598)
(1150, 48);(872, 598)
(1150, 48);(872, 598)
(1150, 48);(872, 598)
(1150, 48);(872, 598)
(1152, 48);(871, 598)
(1150, 55);(870, 598)
(1150, 55);(870, 598)
(1150, 55);(870, 599)
(1150, 55);(870, 599)
(1150, 55);(871, 598)
(1150, 55);(871, 598)
(1150, 55);(871, 598)
(1150, 55);(871, 598)
(1152, 55);(870, 599)
(1152, 55);(870, 599)
(1152, 55);(870, 599)
(1152, 48);(871, 598)
(1153, 48);(875, 595)
(1153, 48);(872, 598)
(1150, 54);(873, 600)
(1150, 54);(873, 599)
(1150, 54);(873, 599)
(1152, 53);(873, 599)
(1152, 53);(873, 599)
(1152, 53);(872, 599)
(1157, 52);(870, 598)
(1158, 52);(869, 598)
(1158, 49);(865, 598)
(1158, 49);(865, 598)
(1158, 48);(864, 597)
(1158, 47);(860, 597)
(1158, 40);(860, 598)
(1158, 40);(860, 598)
(1158, 46);(868, 598)
(1158, 46);(860, 591)
(1160, 45);(860, 590)
(1160, 45);(858, 590)
(1157, 46);(858, 590)
(1162, 51);(858, 590)
(1166, 48);(858, 590)
(1166, 51);(862, 587)
(1170, 47);(866, 587)
(1170, 47);(871, 587)
(1171, 46);(871, 588)
(1168, 48);(871, 589)
(1170, 48);(869, 594)
(1172, 49);(868, 594)
(1174, 50);(868, 594)
(1176, 49);(869, 594)
(1176, 47);(868, 589)
(1178, 47);(868, 589)
(1178, 47);(866, 589)
(1180, 47);(861, 590)
(1180, 47);(861, 592)
(1180, 40);(861, 592)
(1180, 40);(869, 592)
(1180, 40);(871, 593)
(1182, 42);(871, 592)
(1182, 42);(871, 592)
(1182, 42);(858, 591)
(1182, 48);(855, 592)
(1182, 47);(855, 591)
(1182, 47);(854, 591)
(1180, 47);(854, 590)
(1180, 49);(855, 587)
(1178, 44);(857, 586)
(1178, 44);(857, 586)
(1182, 44);(857, 587)
(1182, 51);(863, 588)
(1184, 55);(863, 588)
(1186, 55);(864, 588)
(1186, 56);(863, 583)
(1184, 57);(863, 583)
(1184, 57);(863, 583)
(1180, 56);(867, 579)
(1180, 56);(860, 591)
(1180, 48);(860, 596)
(1182, 54);(860, 596)
(1182, 55);(861, 598)
(1182, 56);(861, 600)
(1182, 55);(862, 600)
(1180, 55);(863, 600)
(1180, 55);(863, 600)
(1180, 57);(863, 594)
(1180, 57);(863, 594)
(1180, 57);(863, 594)
(1180, 57);(863, 602)
(1180, 57);(863, 603)
(1176, 57);(863, 603)
(1176, 57);(861, 602)
(1176, 57);(859, 602)
(1176, 57);(866, 597)
(1178, 56);(866, 597)
(1178, 53);(866, 597)
(1178, 53);(866, 597)
(1180, 52);(857, 598)
(1182, 51);(857, 598)
(1184, 51);(854, 596)
(1184, 51);(851, 596)
(1184, 51);(858, 596)
(1184, 52);(855, 590)
(1186, 53);(854, 594)
(1188, 53);(855, 594)
(1188, 53);(855, 594)
(1188, 53);(855, 594)
(1188, 48);(855, 594)
(1188, 55);(853, 597)
(1188, 53);(853, 597)
(1188, 55);(853, 600)
(1188, 48);(855, 600)
(1188, 48);(858, 600)
(1188, 48);(859, 600)
(1192, 48);(860, 600)
(1192, 48);(860, 600)
(1192, 48);(860, 600)
(1192, 48);(861, 600)
(1192, 56);(860, 601)
(1192, 58);(860, 600)
(1192, 58);(857, 600)
(1192, 58);(856, 598)
(1192, 58);(855, 598)
(1192, 57);(855, 598)
(1192, 58);(855, 598)
(1192, 58);(855, 598)
(1194, 52);(855, 599)
(1194, 52);(855, 599)
(1192, 59);(864, 601)
(1190, 59);(866, 601)
(1190, 59);(866, 602)
(1190, 59);(866, 602)
(1194, 55);(866, 601)
(1192, 52);(859, 600)
(1190, 52);(859, 600)
(1192, 52);(859, 598)
(1195, 55);(859, 597)
(1194, 55);(860, 597)
(1194, 55);(860, 596)
(1190, 52);(860, 596)
(1190, 52);(860, 596)
(1190, 52);(858, 598)
(1190, 52);(858, 598)
(1193, 55);(855, 600)
(1193, 55);(854, 600)
(1194, 55);(854, 600)
(1195, 55);(854, 600)
(1192, 50);(854, 600)
(1192, 56);(854, 603)
(1192, 53);(859, 603)
(1192, 53);(863, 603)
(1193, 49);(863, 604)
(1188, 52);(863, 605)
(1188, 52);(866, 606)
(1190, 46);(861, 606)
(1192, 49);(860, 605)
(1185, 50);(860, 605)
(1188, 55);(853, 602)
(1188, 55);(854, 602)
(1184, 56);(855, 602)
(1184, 56);(855, 601)
(1184, 58);(855, 601)
(1184, 57);(854, 602)
(1182, 57);(850, 602)
(1182, 57);(850, 602)
(1182, 57);(850, 603)
(1180, 55);(850, 603)
(1182, 55);(850, 602)
(1180, 56);(853, 601)
(1180, 57);(854, 599)
(1180, 57);(854, 598)
(1180, 57);(854, 598)
(1178, 57);(854, 598)
(1178, 55);(854, 598)
(1176, 48);(858, 592)
(1175, 44);(858, 592)
(1176, 44);(855, 596)
(1178, 49);(853, 596)
(1178, 49);(854, 596)
(1180, 49);(854, 598)
(1182, 50);(854, 598)
(1184, 50);(854, 598)
(1186, 49);(855, 598)
(1182, 51);(855, 598)
(1182, 51);(860, 594)
(1178, 49);(857, 599)
(1178, 49);(858, 599)
(1178, 49);(858, 599)
(1177, 40);(859, 598)
(1178, 45);(860, 600)
(1181, 44);(860, 599)
(1181, 44);(860, 600)
(1181, 43);(860, 599)
(1177, 46);(861, 599)
(1176, 47);(861, 598)
(1176, 47);(862, 598)
(1176, 47);(862, 598)
(1176, 48);(862, 599)
(1176, 47);(863, 598)
(1176, 47);(864, 599)
(1174, 47);(864, 599)
(1172, 47);(863, 598)
(1172, 47);(868, 595)
(1177, 47);(863, 600)
(1174, 51);(863, 600)
(1174, 52);(864, 600)
(1174, 51);(864, 601)
(1178, 47);(864, 601)
(1174, 46);(864, 601)
(1174, 43);(863, 602)
(1174, 43);(861, 600)
(1174, 43);(868, 599)
(1174, 40);(859, 598)
(1176, 47);(866, 599)
(1179, 49);(864, 600)
(1178, 47);(864, 601)
(1178, 47);(864, 601)
(1172, 45);(864, 601)
(1172, 45);(862, 600)
(1172, 45);(862, 600)
(1175, 53);(853, 600)
(1176, 53);(853, 600)
(1176, 53);(853, 600)
(1176, 53);(855, 601)
(1176, 53);(855, 603)
(1176, 54);(855, 603)
(1176, 55);(855, 603)
(1176, 48);(854, 603)
(1176, 55);(854, 603)
(1176, 55);(854, 603)
(1176, 55);(854, 603)
(1176, 53);(854, 603)
(1176, 53);(859, 603)
(1172, 46);(859, 602)
(1172, 45);(859, 602)
(1172, 45);(857, 600)
(1176, 52);(855, 599)
(1176, 53);(855, 599)
(1176, 46);(855, 599)
(1176, 52);(858, 600)
(1176, 52);(858, 600)
(1176, 51);(858, 600)
(1174, 44);(859, 600)
(1174, 44);(857, 600)
(1174, 44);(856, 600)
(1176, 51);(856, 600)
(1176, 52);(855, 601)
(1176, 52);(854, 602)
(1176, 54);(852, 603)
(1174, 54);(854, 603)
(1174, 54);(855, 603)
(1174, 54);(856, 604)
(1172, 53);(856, 605)
(1172, 53);(858, 605)
(1172, 53);(858, 605)
(1173, 53);(858, 607)
(1173, 53);(859, 607)
(1174, 55);(859, 607)
(1178, 52);(859, 608)
(1174, 55);(866, 607)
(1174, 55);(867, 608)
(1174, 53);(867, 608)
(1177, 51);(867, 607)
(1172, 51);(867, 607)
(1172, 51);(867, 607)
(1172, 51);(864, 605)
(1172, 51);(864, 605)
(1172, 51);(861, 605)
(1172, 51);(860, 605)
(1172, 51);(861, 605)
(1172, 51);(866, 601)
(1172, 46);(866, 601)
(1172, 46);(867, 600)
(1172, 46);(868, 601)
(1172, 46);(869, 602)
(1172, 45);(869, 601)
(1170, 46);(868, 601)
(1170, 46);(869, 602)
(1168, 53);(869, 603)
(1168, 53);(866, 603)
(1168, 53);(869, 603)
(1166, 51);(869, 599)
(1164, 49);(869, 599)
(1162, 45);(866, 599)
(1160, 38);(866, 601)
(1160, 38);(866, 601)
(1160, 38);(865, 601)
(1160, 38);(862, 599)
(1162, 38);(863, 599)
(1162, 38);(863, 599)
(1165, 41);(863, 598)
(1162, 38);(863, 598)
(1162, 38);(864, 597)
(1162, 38);(866, 596)
(1162, 38);(867, 595)
(1166, 47);(866, 594)
(1166, 47);(866, 593)
(1166, 47);(866, 595)
(1166, 47);(866, 594)
(1168, 48);(866, 594)
(1168, 49);(866, 595)
(1168, 49);(866, 595)
(1168, 49);(866, 597)
(1172, 46);(868, 598)
(1168, 47);(868, 598)
(1168, 46);(869, 600)
(1166, 47);(866, 600)
(1168, 48);(866, 600)
(1168, 48);(866, 598)
(1166, 42);(866, 598)
(1168, 42);(865, 598)
(1167, 48);(859, 604)
(1162, 38);(863, 605)
(1162, 38);(862, 605)
(1162, 38);(863, 605)
(1162, 38);(864, 604)
(1163, 44);(864, 604)
(1162, 40);(859, 607)
(1164, 47);(859, 607)
(1167, 45);(859, 607)
(1167, 45);(859, 607)
(1164, 48);(864, 603)
(1164, 48);(864, 603)
(1164, 50);(867, 603)
(1168, 44);(867, 603)
(1168, 44);(868, 602)
(1168, 44);(868, 602)
(1170, 50);(868, 602)
(1172, 51);(869, 602)
(1174, 49);(869, 601)
(1172, 54);(868, 601)
(1174, 55);(864, 598)
(1173, 49);(862, 601)
(1174, 52);(861, 597)
(1174, 52);(858, 599)
(1174, 52);(862, 599)
(1174, 52);(862, 599)
(1176, 52);(862, 599)
(1176, 50);(866, 596)
(1172, 50);(863, 599)
(1170, 54);(864, 599)
(1166, 46);(864, 599)
(1166, 46);(865, 599)
(1168, 46);(866, 599)
(1168, 46);(875, 596)
(1168, 46);(875, 596)
(1168, 46);(875, 596)
(1168, 46);(869, 595)
(1168, 52);(862, 602)
(1168, 55);(862, 602)
(1170, 56);(862, 602)
(1169, 50);(862, 600)
(1170, 58);(864, 598)
(1170, 58);(868, 596)
(1169, 52);(866, 596)
(1168, 60);(866, 594)
(1170, 54);(862, 597)
(1170, 54);(861, 594)
(1169, 52);(860, 590)
(1170, 50);(856, 587)
(1168, 48);(850, 586)
(1168, 53);(850, 586)
(1168, 53);(850, 586)
(1168, 53);(855, 587)
(1168, 53);(856, 586)
(1170, 53);(856, 586)
(1170, 48);(855, 586)
(1174, 55);(856, 588)
(1174, 55);(856, 588)
(1174, 49);(856, 592)
(1170, 54);(867, 596)
(1170, 54);(871, 593)
(1170, 54);(871, 593)
(1172, 61);(867, 596)
(1172, 67);(864, 592)
(1172, 67);(860, 591)
(1174, 68);(854, 591)
(1174, 62);(854, 591)
(1173, 68);(854, 591)
(1174, 68);(856, 593)
(1176, 60);(871, 592)
(1176, 65);(872, 592)
(1176, 56);(876, 593)
(1178, 56);(877, 594)
(1180, 54);(877, 594)
(1180, 52);(878, 598)
(1179, 51);(878, 598)
(1178, 50);(873, 598)
(1175, 50);(872, 597)
(1174, 50);(871, 597)
(1173, 50);(871, 597)
(1172, 55);(867, 597)
(1172, 55);(867, 597)
(1172, 55);(871, 601)
(1174, 57);(873, 601)
(1174, 57);(874, 601)
(1177, 55);(875, 601)
(1174, 59);(875, 601)
(1174, 52);(875, 600)
(1176, 57);(875, 600)
(1176, 58);(874, 600)
(1176, 58);(872, 600)
(1176, 57);(871, 600)
(1176, 57);(871, 600)
(1176, 57);(871, 600)
(1176, 55);(876, 597)
(1176, 54);(876, 597)
(1176, 55);(878, 597)
(1176, 55);(874, 602)
(1180, 51);(876, 602)
(1178, 56);(880, 603)
(1184, 50);(884, 603)
(1186, 56);(891, 599)
(1186, 67);(893, 599)
(1189, 73);(895, 599)
(1189, 74);(895, 599)
(1183, 70);(890, 602)
(1182, 70);(882, 602)
(1181, 68);(875, 601)
(1185, 67);(875, 601)
(1185, 62);(875, 602)
(1180, 54);(873, 602)
(1182, 60);(873, 602)
(1184, 59);(872, 602)
(1184, 59);(872, 603)
(1182, 59);(871, 603)
(1182, 59);(869, 603)
(1184, 59);(867, 603)
(1180, 52);(865, 603)
(1180, 52);(865, 603)
(1180, 52);(872, 603)
(1183, 55);(872, 604)
(1183, 55);(872, 604)
(1184, 53);(872, 604)
(1180, 50);(872, 604)
(1180, 50);(872, 604)
(1180, 50);(865, 604)
(1180, 57);(864, 604)
(1182, 57);(865, 605)
(1182, 57);(865, 605)
(1182, 57);(863, 605)
(1182, 57);(863, 605)
(1182, 57);(865, 604)
(1182, 57);(865, 604)
(1180, 57);(865, 604)
(1180, 55);(865, 603)
(1180, 55);(865, 604)
(1180, 55);(864, 604)
(1178, 55);(863, 604)
(1178, 50);(863, 604)
(1180, 50);(863, 604)
(1184, 52);(865, 604)
(1180, 55);(866, 604)
(1180, 55);(866, 603)
(1180, 55);(868, 602)
(1180, 55);(868, 602)
(1180, 55);(868, 602)
(1180, 50);(866, 602)
(1184, 51);(866, 602)
(1180, 54);(865, 602)
(1182, 53);(865, 602)
(1180, 48);(866, 603)
(1182, 48);(867, 603)
(1182, 48);(867, 603)
(1185, 51);(867, 603)
(1180, 48);(867, 603)
(1180, 55);(867, 603)
(1180, 55);(867, 602)
(1180, 55);(866, 603)
(1180, 55);(866, 602)
(1180, 55);(866, 602)
(1180, 48);(866, 601)
(1180, 48);(866, 600)
(1180, 48);(868, 599)
(1180, 55);(868, 599)
(1180, 55);(869, 599)
(1184, 56);(869, 598)
(1186, 58);(869, 598)
(1186, 58);(869, 598)
(1188, 57);(869, 597)
(1188, 57);(869, 597)
(1188, 57);(865, 597)
(1188, 50);(865, 596)
(1192, 53);(863, 596)
(1188, 55);(863, 596)
(1188, 55);(862, 596)
(1190, 53);(861, 596)
(1190, 53);(859, 596)
(1190, 53);(861, 598)
(1190, 54);(861, 598)
(1190, 54);(861, 597)
(1191, 53);(860, 597)
(1192, 54);(860, 597)
(1194, 52);(860, 597)
(1194, 52);(860, 597)
(1194, 51);(860, 597)
(1194, 49);(861, 597)
(1190, 49);(861, 597)
(1190, 49);(860, 597)
(1190, 44);(860, 597)
(1190, 44);(860, 598)
(1190, 44);(860, 598)
(1193, 41);(869, 600)
(1190, 44);(869, 600)
(1190, 44);(869, 600)
(1188, 41);(869, 597)
(1188, 41);(865, 597)
(1189, 42);(865, 597)
(1188, 40);(869, 599)
(1188, 39);(869, 601)
(1188, 39);(868, 602)
(1185, 36);(868, 602)
(1184, 35);(867, 602)
(1184, 35);(867, 603)
(1186, 39);(867, 602)
(1188, 34);(868, 602)
(1190, 34);(870, 602)
(1190, 36);(870, 602)
(1190, 36);(874, 601)
(1190, 36);(874, 600)
(1190, 36);(871, 600)
(1189, 36);(872, 600)
(1188, 42);(871, 600)
(1188, 36);(871, 597)
(1189, 36);(871, 599)
(1190, 36);(871, 599)
(1190, 43);(870, 598)
(1190, 43);(875, 595)
(1190, 43);(875, 595)
(1190, 45);(867, 600)
(1189, 42);(865, 603)
(1192, 42);(864, 603)
(1192, 42);(864, 604)
(1187, 49);(864, 607)
(1190, 46);(864, 607)
(1186, 51);(864, 607)
(1190, 51);(864, 607)
(1190, 51);(863, 607)
(1193, 49);(863, 607)
(1193, 49);(863, 607)
(1190, 46);(867, 607)
(1186, 54);(869, 607)
(1189, 55);(871, 607)
(1189, 55);(871, 607)
(1190, 55);(871, 606)
(1190, 52);(872, 606)
(1190, 52);(871, 606)
(1184, 55);(871, 606)
(1186, 57);(872, 606)
(1180, 56);(872, 607)
(1179, 67);(873, 606)
(1179, 68);(873, 606)
(1178, 68);(873, 608)
(1178, 67);(873, 608)
(1181, 63);(877, 605)
(1178, 65);(872, 610)
(1178, 64);(872, 610)
(1178, 63);(872, 610)
(1179, 62);(881, 606)
(1180, 61);(881, 606)
(1184, 54);(881, 605)
(1182, 55);(881, 604)
(1182, 55);(881, 604)
(1187, 52);(878, 603)
(1182, 54);(878, 603)
(1182, 53);(877, 602)
(1182, 53);(877, 602)
(1182, 53);(871, 606)
(1182, 53);(877, 602)
(1182, 52);(871, 606)
(1184, 52);(872, 606)
(1183, 43);(870, 606)
(1184, 50);(870, 606)
(1186, 48);(870, 606)
(1186, 48);(869, 606)
(1184, 47);(869, 606)
(1184, 47);(869, 606)
(1184, 47);(869, 606)
(1186, 42);(869, 606)
(1186, 41);(869, 606)
(1186, 49);(871, 606)
(1186, 48);(871, 606)
(1186, 49);(871, 606)
(1186, 49);(869, 604)
(1186, 48);(868, 604)
(1186, 47);(867, 604)
(1186, 47);(868, 604)
(1188, 47);(868, 605)
(1190, 48);(869, 606)
(1191, 48);(871, 606)
(1192, 47);(872, 606)
(1192, 45);(876, 605)
(1192, 44);(872, 602)
(1192, 44);(872, 602)
(1190, 43);(877, 605)
(1190, 38);(874, 606)
(1190, 32);(876, 606)
(1190, 39);(878, 606)
(1190, 36);(882, 602)
(1190, 36);(883, 603)
(1187, 28);(886, 603)
(1188, 34);(879, 607)
(1188, 33);(880, 607)
(1188, 33);(886, 601)
(1188, 38);(886, 601)
(1193, 36);(890, 601)
(1193, 36);(890, 601)
(1190, 32);(890, 601)
(1188, 37);(888, 601)
(1188, 38);(887, 601)
(1188, 38);(882, 604)
(1188, 32);(878, 604)
(1190, 39);(876, 605)
(1188, 41);(876, 606)
(1188, 43);(876, 608)
(1190, 43);(877, 608)
(1188, 43);(877, 608)
(1190, 43);(877, 608)
(1190, 43);(877, 602)
(1188, 36);(882, 598)
(1188, 41);(876, 602)
(1188, 41);(876, 602)
(1188, 39);(878, 601)
(1193, 35);(878, 603)
(1193, 35);(878, 603)
(1193, 35);(875, 607)
(1188, 41);(884, 603)
(1188, 36);(882, 605)
(1190, 45);(888, 601)
(1190, 45);(886, 605)
(1193, 42);(887, 606)
(1190, 38);(887, 607)
(1188, 45);(887, 607)
(1190, 45);(887, 607)
(1186, 38);(889, 607)
(1185, 39);(887, 604)
(1180, 42);(889, 603)
(1180, 41);(889, 602)
(1180, 34);(885, 602)
(1180, 34);(885, 602)
(1181, 34);(888, 600)
(1180, 41);(886, 600)
(1182, 41);(879, 606)
(1182, 42);(885, 602)
(1182, 32);(881, 605)
(1182, 36);(886, 601)
(1182, 34);(885, 600)
(1182, 39);(885, 599)
(1182, 40);(885, 599)
(1184, 34);(892, 596)
(1187, 37);(887, 596)
(1184, 39);(887, 596)
(1183, 40);(892, 596)
(1183, 40);(892, 596)
(1180, 39);(884, 598)
(1180, 39);(881, 595)
(1178, 39);(881, 594)
(1178, 39);(877, 598)
(1180, 39);(878, 597)
(1180, 39);(878, 598)
(1183, 36);(878, 597)
(1178, 39);(884, 597)
(1180, 32);(882, 597)
(1178, 39);(878, 599)
(1178, 39);(880, 599)
(1178, 34);(880, 599)
(1178, 33);(880, 597)
(1176, 39);(877, 603)
(1176, 39);(877, 602)
(1176, 32);(877, 602)
(1176, 32);(875, 602)
(1176, 32);(873, 601)
(1176, 32);(870, 600)
(1176, 32);(870, 600)
(1176, 32);(870, 600)
(1176, 39);(871, 600)
(1176, 39);(871, 599)
(1178, 39);(871, 599)
(1178, 41);(873, 598)
(1178, 34);(873, 597)
(1178, 41);(873, 597)
(1178, 41);(874, 597)
(1179, 34);(873, 597)
(1180, 34);(873, 598)
(1180, 34);(873, 598)
(1179, 33);(873, 598)
(1179, 33);(873, 598)
(1178, 40);(876, 600)
(1178, 40);(876, 602)
(1178, 40);(876, 602)
(1178, 40);(876, 602)
(1178, 34);(873, 598)
(1178, 34);(871, 598)
(1178, 34);(871, 597)
(1177, 34);(871, 598)
(1176, 34);(871, 596)
(1176, 41);(871, 596)
(1176, 41);(870, 597)
(1180, 36);(870, 596)
(1180, 36);(870, 596)
(1180, 36);(870, 597)
(1178, 41);(872, 597)
(1178, 41);(873, 598)
(1178, 41);(875, 597)
(1178, 41);(875, 600)
(1178, 41);(875, 600)
(1176, 41);(875, 600)
(1176, 42);(877, 595)
(1176, 41);(870, 598)
(1176, 41);(870, 598)
(1176, 36);(870, 598)
(1176, 42);(870, 598)
(1176, 42);(870, 598)
(1176, 42);(870, 598)
(1176, 41);(870, 598)
(1174, 42);(868, 598)
(1174, 42);(868, 598)
(1174, 42);(868, 599)
(1174, 42);(868, 600)
(1176, 41);(865, 599)
(1176, 42);(865, 599)
(1176, 36);(864, 596)
(1176, 36);(864, 596)
(1176, 36);(864, 596)
(1176, 42);(864, 596)
(1175, 36);(869, 598)
(1174, 41);(869, 599)
(1174, 41);(869, 599)
(1174, 41);(864, 599)
(1174, 41);(864, 599)
(1174, 41);(864, 599)
(1172, 41);(863, 599)
(1174, 41);(864, 599)
(1172, 36);(865, 599)
(1170, 41);(865, 599)
(1170, 41);(865, 599)
(1170, 41);(865, 599)
(1172, 41);(871, 599)
(1174, 34);(871, 599)
(1174, 41);(872, 599)
(1174, 41);(872, 600)
(1174, 41);(872, 601)
(1174, 36);(873, 601)
(1174, 36);(874, 601)
(1172, 42);(874, 600)
(1174, 36);(874, 600)
(1174, 36);(873, 599)
(1174, 36);(871, 598)
(1173, 36);(871, 597)
(1171, 43);(870, 597)
(1172, 38);(859, 595)
(1172, 45);(859, 594)
(1172, 45);(864, 594)
(1172, 45);(864, 594)
(1174, 43);(866, 595)
(1174, 43);(872, 597)
(1174, 43);(872, 597)
(1174, 43);(872, 598)
(1174, 43);(870, 598)
(1174, 43);(867, 597)
(1174, 43);(867, 597)
(1176, 43);(870, 598)
(1176, 43);(872, 598)
(1176, 44);(872, 600)
(1176, 44);(873, 600)
(1176, 44);(874, 600)
(1176, 34);(874, 595)
(1176, 34);(871, 595)
(1174, 34);(871, 595)
(1174, 34);(869, 601)
(1173, 40);(869, 601)
(1174, 34);(869, 602)
(1174, 34);(869, 603)
(1174, 34);(872, 603)
(1176, 40);(872, 602)
(1176, 40);(872, 602)
(1176, 39);(872, 601)
(1178, 32);(872, 601)
(1178, 32);(871, 601)
(1180, 32);(872, 601)
(1180, 32);(872, 603)
(1180, 32);(872, 604)
(1180, 39);(877, 605)
(1180, 39);(879, 605)
(1183, 38);(879, 605)
(1183, 38);(879, 605)
(1183, 38);(878, 603)
(1180, 36);(877, 603)
(1180, 36);(877, 603)
(1182, 42);(877, 603)
(1182, 42);(877, 603)
(1182, 36);(874, 603)
(1182, 36);(877, 603)
(1180, 36);(873, 604)
(1183, 39);(873, 604)
(1180, 36);(878, 604)
(1180, 36);(887, 600)
(1180, 36);(883, 602)
(1181, 36);(883, 602)
(1178, 39);(880, 600)
(1178, 39);(883, 599)
(1178, 39);(883, 600)
(1176, 37);(885, 600)
(1176, 30);(886, 599)
(1176, 30);(890, 595)
(1178, 30);(889, 597)
(1178, 30);(881, 602)
(1176, 30);(875, 602)
(1178, 37);(875, 602)
(1178, 37);(875, 602)
(1178, 37);(873, 603)
(1178, 32);(881, 604)
(1178, 32);(881, 605)
(1178, 32);(873, 603)
(1176, 32);(871, 603)
(1176, 32);(884, 596)
(1176, 35);(884, 595)
(1176, 35);(878, 600)
(1176, 35);(869, 602)
(1174, 30);(878, 600)
(1179, 33);(879, 600)
(1176, 37);(880, 598)
(1176, 37);(880, 598)
(1176, 37);(880, 598)
(1176, 38);(869, 603)
(1176, 40);(869, 604)
(1174, 36);(869, 604)
(1178, 43);(869, 604)
(1178, 43);(868, 607)
(1178, 43);(870, 607)
(1178, 36);(869, 607)
(1177, 36);(868, 607)
(1176, 42);(869, 607)
(1176, 42);(872, 608)
(1178, 36);(869, 609)
(1178, 36);(872, 607)
(1178, 36);(872, 607)
(1178, 36);(872, 607)
(1173, 40);(872, 608)
(1176, 43);(872, 607)
(1176, 43);(872, 607)
(1176, 47);(872, 606)
(1176, 49);(873, 605)
(1176, 42);(873, 604)
(1176, 47);(873, 604)
(1176, 51);(873, 604)
(1176, 51);(873, 604)
(1178, 40);(872, 606)
(1178, 40);(871, 606)
(1181, 44);(871, 606)
(1181, 41);(872, 603)
(1178, 43);(873, 603)
(1176, 36);(873, 601)
(1178, 43);(873, 601)
(1179, 43);(873, 603)
(1179, 43);(873, 603)
(1178, 43);(883, 599)
(1178, 43);(884, 593)
(1176, 36);(884, 590)
(1176, 36);(883, 590)
(1176, 36);(881, 590)
(1176, 36);(872, 600)
(1176, 36);(872, 600)
(1176, 43);(872, 601)
(1178, 52);(878, 601)
(1181, 50);(878, 602)
(1181, 50);(878, 602)
(1176, 51);(872, 602)
(1176, 49);(871, 602)
(1176, 49);(871, 602)
(1176, 49);(871, 601)
(1176, 51);(871, 601)
(1176, 52);(875, 599)
(1176, 52);(868, 600)
(1176, 51);(868, 600)
(1176, 51);(868, 600)
(1176, 51);(869, 600)
(1176, 51);(871, 599)
(1176, 55);(872, 598)
(1178, 55);(874, 600)
(1178, 55);(876, 601)
(1178, 55);(877, 600)
(1178, 55);(876, 601)
(1180, 57);(877, 601)
(1180, 57);(877, 603)
(1180, 58);(879, 602)
(1180, 58);(877, 602)
(1180, 58);(877, 601)
(1180, 56);(877, 601)
(1178, 59);(878, 601)
(1178, 59);(878, 601)
(1180, 57);(878, 601)
(1180, 57);(880, 602)
(1182, 50);(882, 601)
(1180, 56);(882, 601)
(1180, 55);(881, 603)
(1180, 48);(885, 604)
(1180, 48);(885, 604)
(1185, 51);(881, 605)
(1185, 51);(881, 603)
(1182, 53);(881, 601)
(1182, 53);(881, 601)
(1182, 53);(881, 601)
(1178, 53);(885, 596)
(1178, 53);(888, 596)
(1178, 53);(888, 596)
(1178, 53);(888, 596)
(1178, 53);(893, 605)
(1178, 53);(893, 605)
(1178, 51);(893, 605)
(1178, 51);(890, 602)
(1181, 47);(894, 604)
(1180, 44);(893, 604)
(1176, 47);(891, 604)
(1176, 47);(893, 604)
(1176, 45);(894, 604)
(1176, 45);(897, 601)
(1172, 45);(897, 604)
(1174, 45);(897, 601)
(1176, 43);(892, 604)
(1176, 43);(892, 604)
(1172, 45);(891, 604)
(1174, 45);(891, 604)
(1174, 44);(888, 601)
(1176, 43);(890, 604)
(1176, 44);(889, 604)
(1174, 38);(890, 604)
(1176, 44);(887, 599)
(1175, 45);(895, 602)
(1176, 38);(895, 602)
(1176, 38);(895, 602)
(1175, 45);(886, 599)
(1174, 38);(883, 602)
(1174, 38);(883, 602)
(1174, 43);(889, 602)
(1174, 43);(891, 594)
(1174, 43);(891, 594)
(1174, 43);(892, 594)
(1174, 43);(890, 597)
(1174, 43);(890, 598)
(1174, 36);(889, 598)
(1174, 36);(889, 599)
(1174, 41);(884, 600)
(1174, 40);(880, 600)
(1174, 39);(880, 602)
(1174, 32);(879, 602)
(1174, 39);(880, 602)
(1176, 39);(879, 601)
(1176, 39);(879, 601)
(1176, 34);(879, 601)
(1176, 34);(882, 601)
(1176, 39);(888, 600)
(1176, 39);(888, 600)
(1176, 39);(888, 599)
(1176, 39);(880, 599)
(1176, 39);(875, 602)
(1174, 39);(873, 602)
(1174, 41);(871, 602)
(1174, 41);(871, 602)
(1174, 42);(871, 602)
(1174, 36);(873, 604)
(1174, 36);(878, 606)
(1175, 42);(878, 606)
(1175, 42);(876, 606)
(1175, 42);(876, 604)
(1176, 41);(877, 604)
(1176, 41);(880, 599)
(1176, 41);(880, 599)
(1177, 42);(877, 602)
(1176, 41);(877, 600)
(1176, 40);(879, 600)
(1177, 41);(879, 599)
(1176, 40);(879, 599)
(1176, 40);(877, 598)
(1176, 40);(876, 599)
(1176, 40);(876, 599)
(1176, 39);(877, 599)
(1178, 32);(880, 600)
(1178, 32);(882, 596)
(1180, 37);(886, 590)
(1180, 37);(885, 590)
(1180, 37);(884, 592)
(1180, 37);(882, 596)
(1180, 35);(884, 593)
(1180, 35);(884, 593)
(1180, 35);(882, 594)
(1180, 37);(874, 597)
(1184, 35);(873, 597)
(1184, 35);(873, 599)
(1184, 35);(869, 599)
(1184, 35);(869, 599)
(1184, 35);(876, 596)
(1184, 37);(876, 596)
(1182, 41);(876, 596)
(1182, 41);(878, 595)
(1182, 41);(876, 595)
(1182, 41);(876, 595)
(1184, 41);(866, 599)
(1184, 41);(865, 599)
(1185, 41);(865, 599)
(1186, 41);(865, 599)
(1188, 41);(865, 598)
(1188, 41);(869, 598)
(1188, 41);(870, 598)
(1188, 41);(871, 599)
(1188, 41);(872, 599)
(1188, 36);(872, 599)
(1188, 43);(874, 598)
(1188, 43);(875, 597)
(1188, 44);(874, 597)
(1188, 43);(875, 597)
(1188, 43);(875, 597)
(1188, 43);(875, 600)
(1188, 43);(874, 600)
(1188, 43);(874, 600)
(1188, 43);(874, 600)
(1187, 44);(874, 600)
(1186, 43);(874, 600)
(1186, 36);(877, 595)
(1184, 36);(877, 599)
(1182, 43);(878, 599)
(1182, 43);(878, 599)
(1182, 43);(877, 600)
(1182, 43);(875, 600)
(1185, 43);(875, 600)
(1182, 43);(875, 600)
(1182, 43);(874, 599)
(1184, 36);(874, 599)
(1183, 35);(875, 599)
(1182, 41);(875, 600)
(1184, 42);(874, 601)
(1182, 41);(875, 601)
(1181, 35);(875, 601)
(1182, 41);(874, 601)
(1187, 45);(873, 598)
(1184, 42);(874, 598)
(1180, 44);(874, 598)
(1184, 40);(875, 598)
(1187, 43);(875, 599)
(1182, 41);(875, 601)
(1182, 41);(873, 601)
(1182, 41);(873, 601)
(1180, 41);(872, 602)
(1179, 35);(871, 601)
(1182, 40);(873, 601)
(1182, 40);(873, 601)
(1182, 36);(873, 601)
(1182, 46);(874, 601)
(1181, 43);(875, 601)
(1174, 48);(875, 603)
(1174, 40);(875, 603)
(1179, 44);(875, 603)
(1180, 45);(875, 603)
(1182, 45);(873, 603)
(1180, 43);(871, 603)
(1180, 43);(869, 603)
(1180, 42);(869, 603)
(1180, 41);(869, 603)
(1180, 40);(869, 603)
(1180, 39);(869, 603)
(1180, 34);(869, 604)
(1178, 34);(869, 604)
(1178, 41);(871, 604)
(1178, 41);(875, 604)
(1178, 42);(876, 606)
(1178, 53);(877, 606)
(1181, 52);(883, 608)
(1178, 55);(883, 608)
(1178, 55);(886, 608)
(1178, 55);(885, 608)
(1178, 55);(885, 608)
(1176, 55);(885, 608)
(1179, 55);(885, 610)
(1176, 63);(885, 610)
(1179, 68);(894, 611)
(1176, 84);(900, 607)
(1182, 85);(900, 607)
(1180, 85);(900, 607)
(1184, 81);(885, 607)
(1178, 83);(885, 607)
(1178, 83);(887, 603)
(1178, 89);(883, 607)
(1178, 89);(883, 607)
(1178, 89);(879, 607)
(1180, 82);(876, 606)
(1170, 75);(879, 601)
(1173, 76);(882, 601)
(1170, 71);(885, 601)
(1170, 72);(884, 604)
(1172, 74);(893, 598)
(1172, 84);(886, 602)
(1172, 78);(886, 601)
(1172, 84);(893, 600)
(1172, 87);(892, 602)
(1172, 87);(892, 605)
(1172, 88);(892, 605)
(1174, 82);(893, 604)
(1174, 82);(891, 606)
(1176, 88);(889, 606)
(1175, 77);(889, 603)
(1176, 84);(889, 603)
(1176, 83);(889, 603)
(1176, 83);(887, 610)
(1175, 75);(889, 609)
(1176, 76);(893, 607)
(1176, 76);(893, 607)
(1176, 78);(893, 610)
(1179, 87);(893, 610)
(1186, 87);(897, 607)
(1184, 84);(895, 610)
(1182, 90);(895, 610)
(1180, 82);(895, 610)
(1180, 81);(899, 607)
(1180, 81);(901, 607)
(1178, 79);(896, 610)
(1176, 79);(896, 610)
(1181, 76);(898, 610)
(1178, 79);(898, 610)
(1178, 79);(900, 608)
(1177, 83);(900, 608)
(1177, 83);(900, 608)
(1176, 83);(895, 608)
(1176, 83);(894, 607)
(1176, 83);(892, 607)
(1176, 83);(891, 602)
(1176, 83);(891, 602)
(1176, 83);(891, 602)
(1176, 83);(891, 604)
(1176, 85);(891, 604)
(1176, 81);(890, 604)
(1176, 81);(892, 604)
(1176, 81);(890, 604)
(1180, 78);(890, 606)
(1178, 81);(889, 606)
(1178, 81);(890, 606)
(1180, 82);(893, 603)
(1180, 77);(892, 602)
(1181, 76);(893, 602)
(1180, 75);(893, 602)
(1181, 76);(892, 602)
(1184, 71);(891, 602)
(1180, 73);(891, 602)
(1184, 71);(888, 600)
(1182, 64);(886, 597)
(1185, 66);(884, 595)
(1182, 65);(872, 596)
(1180, 67);(872, 596)
(1180, 65);(872, 596)
(1180, 65);(872, 595)
(1180, 64);(872, 596)
(1180, 64);(875, 596)
(1182, 58);(880, 593)
(1182, 58);(880, 592)
(1182, 58);(880, 592)
(1182, 58);(880, 592)
(1182, 58);(880, 591)
(1185, 61);(880, 591)
(1180, 63);(880, 591)
(1180, 63);(880, 591)
(1180, 63);(882, 592)
(1180, 63);(882, 592)
(1181, 63);(884, 592)
(1180, 56);(885, 593)
(1184, 63);(885, 593)
(1184, 63);(887, 596)
(1184, 63);(887, 596)
(1184, 63);(879, 597)
(1182, 64);(879, 597)
(1182, 63);(878, 598)
(1180, 58);(878, 598)
(1180, 65);(878, 598)
(1180, 65);(877, 598)
(1180, 65);(875, 599)
(1180, 60);(875, 598)
(1182, 60);(875, 598)
(1182, 59);(883, 596)
(1182, 60);(883, 596)
(1182, 60);(883, 596)
(1184, 65);(881, 594)
(1182, 65);(879, 594)
(1182, 65);(879, 594)
(1182, 65);(879, 594)
(1182, 65);(879, 594)
(1182, 60);(879, 594)
(1180, 66);(879, 595)
(1181, 60);(879, 595)
(1180, 59);(879, 595)
(1180, 66);(877, 595)
(1180, 66);(874, 600)
(1180, 60);(874, 600)
(1182, 60);(879, 595)
(1182, 60);(881, 595)
(1181, 65);(882, 595)
(1180, 65);(882, 595)
(1180, 65);(882, 595)
(1180, 65);(884, 595)
(1178, 59);(884, 595)
(1178, 59);(882, 596)
(1178, 60);(882, 596)
(1178, 60);(882, 596)
(1178, 59);(882, 596)
(1178, 66);(882, 596)
(1178, 66);(882, 596)
(1178, 65);(883, 596)
(1178, 65);(883, 596)
(1178, 65);(884, 596)
(1178, 66);(884, 596)
(1181, 62);(884, 595)
(1178, 65);(884, 595)
(1181, 62);(882, 595)
(1181, 61);(882, 595)
(1181, 61);(882, 595)
(1178, 65);(882, 595)
(1179, 58);(882, 595)
(1179, 58);(882, 595)
(1180, 58);(882, 595)
(1180, 64);(884, 595)
(1180, 64);(884, 595)
(1180, 64);(884, 595)
(1178, 65);(884, 595)
(1180, 65);(882, 594)
(1178, 65);(882, 594)
(1178, 65);(884, 594)
(1180, 65);(884, 594)
(1180, 65);(884, 594)
(1180, 58);(884, 594)
(1180, 58);(883, 594)
(1180, 58);(884, 594)
(1178, 58);(884, 594)
(1178, 58);(884, 594)
(1178, 65);(883, 594)
(1178, 65);(883, 595)
(1178, 65);(883, 595)
(1178, 65);(883, 595)
(1178, 65);(883, 595)
(1178, 65);(883, 595)
(1178, 65);(883, 595)
(1178, 65);(880, 599)
(1178, 65);(884, 595)
(1178, 65);(879, 600)
(1176, 65);(879, 600)
(1176, 65);(879, 600)
(1176, 65);(879, 600)
(1176, 65);(879, 600)
(1176, 65);(879, 599)
(1178, 66);(883, 595)
(1180, 66);(879, 598)
(1180, 66);(884, 594)
(1184, 65);(884, 594)
(1182, 65);(884, 594)
(1182, 65);(880, 599)
(1180, 65);(880, 599)
(1180, 65);(880, 599)
(1180, 65);(884, 595)
(1180, 65);(884, 595)
(1182, 61);(884, 595)
(1178, 64);(883, 595)
(1178, 63);(883, 595)
(1178, 63);(883, 595)
(1178, 63);(883, 594)
(1178, 63);(884, 594)
(1178, 63);(884, 594)
(1178, 63);(883, 594)
(1178, 63);(883, 594)
(1178, 63);(883, 594)
(1178, 64);(883, 594)
(1181, 60);(883, 594)
(1181, 61);(883, 595)
(1178, 66);(883, 595)
(1180, 65);(883, 595)
(1180, 65);(883, 595)
(1180, 58);(883, 595)
(1180, 58);(883, 595)
(1183, 61);(883, 595)
(1183, 61);(883, 595)
(1183, 61);(884, 594)
(1183, 61);(884, 594)
(1182, 61);(884, 594)
(1183, 60);(884, 594)
(1178, 63);(884, 594)
(1178, 63);(881, 599)
(1178, 63);(881, 599)
(1178, 63);(883, 595)
(1178, 63);(883, 595)
(1178, 63);(880, 600)
(1178, 63);(880, 600)
(1178, 64);(879, 599)
(1176, 58);(879, 599)
(1176, 58);(879, 599)
(1176, 65);(879, 599)
(1176, 65);(884, 595)
(1178, 64);(884, 595)
(1178, 58);(880, 600)
(1180, 58);(883, 597)
(1180, 58);(883, 597)
(1180, 58);(881, 601)
(1178, 58);(881, 601)
(1178, 58);(881, 601)
(1183, 60);(885, 597)
(1180, 58);(885, 596)
(1180, 58);(883, 595)
(1180, 58);(883, 595)
(1180, 58);(883, 595)
(1180, 58);(879, 599)
(1180, 65);(879, 599)
(1180, 58);(879, 599)
(1180, 58);(879, 600)
(1180, 58);(879, 600)
(1180, 58);(879, 601)
(1180, 58);(883, 597)
(1180, 58);(883, 597)
(1182, 58);(883, 597)
(1182, 58);(883, 597)
(1181, 65);(883, 597)
(1182, 58);(883, 597)
(1181, 58);(883, 597)
(1182, 65);(883, 595)
(1182, 65);(883, 596)
(1181, 58);(879, 600)
(1182, 65);(879, 600)
(1182, 65);(878, 600)
(1180, 65);(878, 600)
(1180, 65);(878, 600)
(1180, 65);(883, 595)
(1180, 65);(883, 595)
(1180, 65);(883, 595)
(1180, 65);(883, 595)
(1182, 65);(884, 596)
(1182, 65);(884, 596)
(1182, 65);(884, 596)
(1182, 65);(884, 595)
(1182, 65);(884, 595)
(1185, 60);(884, 595)
(1181, 65);(884, 595)
(1180, 65);(884, 595)
(1180, 65);(884, 595)
(1180, 65);(884, 595)
(1180, 65);(880, 600)
(1180, 65);(880, 600)
(1180, 65);(880, 601)
(1180, 65);(880, 601)
(1183, 61);(881, 601)
(1180, 56);(881, 601)
(1185, 59);(881, 601)
(1185, 59);(880, 601)
(1180, 63);(881, 601)
(1180, 63);(880, 601)
(1185, 61);(880, 601)
(1185, 61);(880, 601)
(1185, 61);(885, 597)
(1185, 61);(885, 597)
(1180, 63);(885, 597)
(1180, 56);(885, 597)
(1180, 56);(885, 597)
(1180, 56);(885, 596)
(1180, 63);(885, 596)
(1185, 61);(885, 596)
(1185, 61);(885, 596)
(1185, 61);(885, 596)
(1185, 61);(885, 596)
(1185, 61);(885, 596)
(1185, 61);(884, 596)
(1180, 57);(883, 595)
(1180, 63);(884, 595)
(1180, 63);(884, 595)
(1180, 63);(884, 595)
(1180, 63);(884, 595)
(1180, 63);(884, 595)
(1180, 63);(883, 595)
(1180, 58);(883, 595)
(1180, 58);(883, 595)
(1183, 61);(885, 595)
(1183, 61);(885, 596)
(1183, 61);(885, 596)
(1180, 58);(885, 596)
(1178, 63);(885, 596)
(1178, 63);(886, 595)
(1178, 63);(886, 595)
(1179, 63);(885, 595)
(1180, 56);(885, 595)
(1180, 56);(880, 600)
(1183, 59);(880, 600)
(1180, 56);(880, 600)
(1180, 63);(881, 600)
(1183, 59);(881, 600)
(1180, 55);(881, 600)
(1182, 59);(881, 600)
(1178, 55);(881, 600)
(1178, 55);(889, 598)
(1178, 61);(889, 598)
(1178, 61);(889, 598)
(1178, 61);(881, 600)
(1180, 61);(884, 595)
(1180, 61);(884, 595)
(1183, 59);(879, 599)
(1183, 60);(879, 599)
(1180, 63);(878, 599)
(1180, 63);(883, 596)
(1180, 63);(883, 595)
(1180, 63);(883, 595)
(1180, 63);(883, 596)
(1178, 63);(884, 596)
(1180, 63);(884, 598)
(1180, 63);(884, 598)
(1180, 63);(884, 598)
(1180, 63);(884, 596)
(1180, 61);(884, 596)
(1180, 61);(884, 596)
(1180, 61);(884, 596)
(1180, 61);(884, 596)
(1180, 62);(884, 596)
(1180, 63);(881, 600)
(1180, 63);(886, 596)
(1180, 63);(886, 596)
(1180, 64);(886, 596)
(1180, 64);(887, 596)
(1183, 61);(883, 601)
(1180, 58);(883, 601)
(1180, 58);(883, 601)
(1180, 64);(886, 597)
(1183, 60);(886, 597)
(1180, 63);(886, 597)
(1183, 59);(881, 600)
(1180, 56);(881, 601)
(1180, 56);(881, 601)
(1180, 56);(881, 601)
(1180, 56);(884, 596)
(1180, 56);(884, 596)
(1180, 56);(884, 596)
(1180, 56);(884, 597)
(1180, 56);(884, 596)
(1180, 56);(881, 600)
(1180, 56);(881, 600)
(1180, 56);(881, 600)
(1180, 56);(884, 595)
(1180, 56);(884, 595)
(1180, 56);(886, 595)
(1180, 56);(886, 595)
(1183, 59);(886, 595)
(1183, 59);(886, 595)
(1183, 59);(883, 599)
(1183, 59);(883, 599)
(1183, 59);(883, 599)
(1183, 59);(883, 599)
(1183, 59);(883, 599)
(1183, 59);(883, 600)
(1183, 59);(883, 600)
(1183, 59);(883, 600)
(1183, 59);(884, 600)
(1183, 59);(884, 600)
(1183, 59);(888, 597)
(1183, 59);(888, 597)
(1180, 63);(886, 597)
(1180, 63);(886, 597)
(1178, 63);(886, 596)
(1178, 63);(880, 600)
(1178, 63);(880, 601)
(1178, 55);(880, 602)
(1178, 55);(880, 602)
(1178, 55);(880, 602)
(1178, 55);(880, 602)
(1178, 55);(880, 602)
(1176, 56);(880, 602)
(1176, 56);(880, 602)
(1176, 56);(880, 602)
(1178, 55);(880, 602)
(1181, 59);(884, 596)
(1181, 59);(885, 596)
(1178, 55);(886, 596)
(1181, 59);(886, 596)
(1181, 59);(886, 596)
(1176, 62);(886, 596)
(1178, 62);(886, 596)
(1178, 56);(887, 597)
(1178, 56);(885, 597)
(1179, 55);(885, 597)
(1182, 59);(886, 597)
(1182, 59);(886, 597)
(1178, 56);(886, 597)
(1178, 56);(886, 597)
(1178, 56);(886, 597)
(1178, 63);(886, 597)
(1180, 63);(886, 597)
(1180, 63);(887, 597)
(1180, 63);(887, 597)
(1180, 63);(889, 597)
(1180, 63);(889, 597)
(1180, 63);(889, 597)
(1180, 63);(889, 597)
(1180, 56);(889, 597)
(1180, 56);(887, 597)
(1180, 56);(887, 597)
(1180, 56);(887, 597)
(1180, 56);(887, 597)
(1180, 64);(887, 597)
(1180, 64);(887, 597)
(1180, 64);(878, 601)
(1180, 65);(878, 601)
(1180, 65);(878, 601)
(1180, 65);(879, 601)
(1180, 65);(880, 601)
(1180, 65);(881, 600)
(1180, 66);(886, 596)
(1180, 66);(886, 596)
(1180, 65);(889, 598)
(1180, 65);(889, 598)
(1180, 63);(881, 600)
(1180, 64);(881, 600)
(1180, 64);(887, 598)
(1184, 60);(887, 598)
(1184, 60);(887, 598)
(1184, 60);(887, 598)
(1180, 63);(887, 598)
(1180, 63);(881, 600)
(1180, 63);(889, 598)
(1180, 63);(889, 598)
(1180, 63);(889, 598)
(1184, 61);(889, 598)
(1184, 61);(889, 598)
(1180, 63);(889, 598)
(1180, 63);(889, 598)
(1180, 63);(889, 598)
(1184, 60);(882, 601)
(1180, 63);(882, 601)
(1180, 63);(882, 601)
(1180, 63);(882, 600)
(1180, 63);(882, 600)
(1183, 60);(882, 600)
(1180, 63);(882, 600)
(1178, 63);(883, 601)
(1178, 63);(884, 601)
(1178, 64);(884, 601)
(1178, 64);(884, 600)
(1178, 64);(883, 601)
(1178, 65);(882, 600)
(1180, 65);(882, 600)
(1180, 66);(882, 600)
(1180, 66);(881, 600)
(1180, 66);(881, 600)
(1180, 58);(881, 600)
(1184, 61);(882, 600)
(1180, 65);(883, 600)
(1180, 58);(883, 600)
(1183, 61);(886, 597)
(1183, 61);(886, 597)
(1178, 58);(886, 596)
(1182, 60);(886, 596)
(1178, 55);(886, 596)
(1178, 55);(886, 596)
(1178, 55);(886, 596)
(1178, 55);(886, 596)
(1178, 56);(886, 596)
(1178, 56);(886, 596)
(1178, 61);(886, 596)
(1178, 59);(886, 596)
(1178, 59);(881, 600)
(1178, 59);(884, 596)
(1178, 52);(884, 596)
(1178, 52);(884, 596)
(1178, 52);(884, 596)
(1178, 52);(879, 600)
(1178, 59);(884, 597)
(1178, 53);(884, 597)
(1178, 53);(884, 597)
(1178, 53);(884, 597)
(1178, 53);(881, 601)
(1178, 61);(881, 601)
(1178, 61);(881, 601)
(1178, 61);(881, 600)
(1180, 61);(881, 600)
(1178, 60);(881, 600)
(1178, 60);(881, 600)
(1178, 60);(881, 600)
(1178, 60);(881, 600)
(1181, 57);(881, 600)
(1178, 61);(881, 600)
(1178, 61);(881, 600)
(1178, 61);(881, 600)
(1178, 61);(886, 596)
(1178, 61);(886, 596)
(1178, 61);(886, 596)
(1178, 61);(886, 596)
(1178, 61);(886, 596)
(1178, 61);(881, 599)
(1176, 61);(881, 599)
(1178, 61);(881, 600)
(1178, 61);(884, 596)
(1181, 59);(884, 596)
(1178, 63);(884, 596)
(1176, 55);(884, 596)
(1180, 59);(881, 600)
(1176, 55);(881, 600)
(1176, 55);(881, 600)
(1176, 55);(884, 601)
(1176, 61);(884, 601)
(1176, 62);(884, 601)
(1176, 62);(884, 601)
(1176, 62);(883, 600)
(1178, 61);(883, 600)
(1178, 61);(883, 600)
(1178, 61);(883, 600)
(1178, 54);(883, 600)
(1177, 54);(884, 600)
(1176, 54);(884, 600)
(1176, 54);(887, 595)
(1176, 54);(887, 595)
(1176, 61);(884, 600)
(1176, 61);(883, 600)
(1178, 61);(886, 599)
(1178, 61);(886, 599)
(1178, 61);(886, 599)
(1178, 61);(886, 597)
(1180, 58);(882, 600)
(1176, 54);(881, 600)
(1176, 54);(881, 600)
(1176, 54);(881, 600)
(1182, 58);(881, 600)
(1178, 61);(881, 600)
(1178, 61);(882, 600)
(1178, 61);(882, 600)
(1178, 61);(883, 600)
(1178, 61);(884, 600)
(1178, 61);(884, 600)
(1178, 61);(884, 600)
(1178, 61);(883, 600)
(1180, 61);(883, 600)
(1180, 61);(886, 596)
(1178, 61);(886, 596)
(1178, 61);(881, 600)
(1178, 61);(880, 600)
(1178, 61);(880, 600)
(1178, 61);(880, 600)
(1178, 62);(880, 600)
(1178, 63);(881, 600)
(1178, 63);(881, 600)
(1180, 64);(881, 600)
(1180, 64);(881, 600)
(1180, 64);(881, 600)
(1180, 63);(881, 600)
(1183, 59);(880, 600)
(1180, 61);(880, 600)
(1180, 61);(881, 600)
(1180, 61);(881, 600)
(1180, 61);(881, 600)
(1180, 61);(881, 600)
(1180, 61);(881, 600)
(1178, 61);(881, 600)
(1178, 61);(881, 600)
(1178, 61);(881, 600)
(1178, 54);(881, 600)
(1178, 54);(881, 601)
(1178, 54);(881, 601)
(1178, 54);(881, 602)
(1178, 54);(881, 601)
(1178, 54);(880, 600)
(1178, 54);(880, 600)
(1176, 60);(884, 595)
(1176, 60);(880, 598)
(1175, 59);(880, 599)
(1175, 59);(880, 599)
(1176, 59);(881, 599)
(1178, 59);(881, 599)
(1180, 60);(881, 599)
(1180, 54);(881, 599)
(1180, 54);(880, 599)
(1184, 57);(879, 599)
(1184, 57);(878, 599)
(1184, 58);(878, 600)
(1182, 62);(875, 602)
(1181, 59);(875, 602)
(1186, 63);(875, 602)
(1186, 63);(875, 602)
(1187, 61);(875, 600)
(1186, 46);(875, 600)
(1184, 46);(875, 598)
(1184, 46);(873, 598)
(1184, 53);(873, 600)
(1192, 55);(873, 600)
(1196, 55);(875, 600)
(1204, 56);(875, 601)
(1204, 56);(875, 601)
(1204, 56);(875, 600)
(1204, 50);(874, 599)
(1204, 50);(872, 597)
(1204, 57);(874, 597)
(1204, 57);(874, 597)
(1202, 58);(874, 600)
(1196, 57);(872, 600)
(1196, 50);(874, 601)
(1196, 50);(874, 601)
(1196, 57);(874, 601)
(1198, 54);(876, 600)
(1199, 55);(876, 601)
(1199, 55);(876, 601)
(1199, 55);(876, 601)
(1190, 53);(876, 601)
(1190, 53);(872, 601)
(1190, 53);(872, 601)
(1192, 51);(872, 601)
(1190, 50);(872, 600)
(1190, 57);(872, 600)
(1190, 52);(879, 596)
(1190, 52);(879, 596)
(1194, 52);(879, 596)
(1194, 52);(879, 594)
(1196, 52);(879, 595)
(1199, 55);(876, 599)
(1196, 59);(871, 594)
(1195, 61);(875, 592)
(1194, 63);(874, 592)
(1194, 63);(875, 592)
(1194, 54);(872, 597)
(1194, 51);(879, 594)
(1192, 49);(879, 594)
(1190, 49);(880, 594)
(1192, 49);(880, 598)
(1193, 49);(869, 600)
(1194, 49);(869, 600)
(1194, 49);(869, 600)
(1194, 49);(869, 600)
(1190, 49);(869, 600)
(1190, 49);(867, 597)
(1188, 46);(866, 595)
(1190, 52);(864, 595)
(1188, 52);(864, 592)
(1188, 45);(864, 592)
(1188, 45);(889, 595)
(1188, 45);(891, 595)
(1188, 45);(891, 595)
(1188, 45);(891, 597)
(1188, 38);(872, 597)
(1188, 38);(871, 597)
(1189, 45);(866, 597)
(1190, 45);(866, 597)
(1190, 45);(864, 600)
(1190, 47);(864, 601)
(1190, 44);(864, 601)
(1189, 51);(865, 601)
(1186, 51);(866, 597)
(1186, 44);(866, 597)
(1184, 39);(867, 597)
(1186, 45);(867, 598)
(1184, 36);(867, 600)
(1186, 41);(867, 600)
(1189, 37);(867, 602)
(1189, 37);(867, 602)
(1188, 36);(867, 602)
(1186, 45);(871, 601)
(1186, 38);(867, 598)
(1188, 38);(867, 597)
(1186, 47);(871, 597)
(1188, 51);(867, 597)
(1184, 51);(867, 597)
(1184, 51);(875, 592)
(1184, 47);(874, 591)
(1184, 47);(876, 591)
(1182, 47);(876, 591)
(1184, 47);(876, 591)
(1182, 41);(871, 597)
(1186, 40);(871, 599)
(1186, 47);(871, 599)
(1186, 47);(871, 599)
(1187, 47);(871, 598)
(1190, 44);(871, 598)
(1188, 49);(871, 597)
(1186, 51);(871, 598)
(1188, 49);(876, 601)
(1184, 49);(878, 602)
(1175, 45);(880, 602)
(1174, 45);(878, 601)
(1171, 46);(882, 605)
(1170, 39);(880, 607)
(1168, 46);(877, 602)
(1168, 46);(877, 602)
(1170, 46);(875, 603)
(1170, 46);(875, 603)
(1166, 43);(871, 601)
(1176, 51);(871, 601)
(1176, 51);(871, 599)
(1176, 53);(871, 599)
(1170, 48);(872, 599)
(1168, 53);(872, 599)
(1168, 54);(872, 599)
(1168, 54);(873, 599)
(1165, 46);(872, 599)
(1166, 40);(873, 601)
(1168, 46);(873, 601)
(1164, 46);(871, 601)
(1164, 45);(871, 601)
(1164, 51);(869, 599)
(1164, 55);(867, 599)
(1168, 55);(866, 599)
(1168, 55);(866, 598)
(1168, 54);(865, 599)
(1168, 53);(866, 599)
(1170, 46);(866, 599)
(1171, 49);(864, 597)
(1170, 49);(864, 599)
(1170, 49);(866, 600)
(1172, 47);(866, 603)
(1168, 50);(868, 603)
(1168, 50);(868, 603)
(1168, 48);(869, 603)
(1167, 44);(869, 605)
(1168, 47);(869, 606)
(1166, 47);(872, 606)
(1162, 54);(876, 607)
(1162, 55);(877, 609)
(1162, 55);(878, 609)
(1164, 56);(879, 609)
(1169, 54);(878, 609)
(1169, 55);(878, 608)
(1169, 55);(884, 605)
(1169, 57);(871, 606)
(1166, 60);(870, 606)
(1169, 57);(870, 606)
(1167, 54);(870, 607)
(1167, 54);(870, 607)
(1168, 50);(869, 607)
(1168, 40);(869, 606)
(1175, 43);(870, 606)
(1170, 40);(868, 606)
(1176, 43);(869, 606)
(1172, 46);(870, 606)
(1173, 39);(869, 606)
(1172, 39);(869, 604)
(1172, 38);(869, 604)
(1168, 41);(869, 604)
(1172, 38);(868, 604)
(1172, 38);(869, 604)
(1172, 41);(869, 605)
(1172, 41);(871, 605)
(1172, 41);(871, 605)
(1172, 41);(871, 605)
(1172, 41);(871, 605)
(1172, 41);(871, 606)
(1172, 37);(872, 606)
(1172, 40);(872, 606)
(1172, 40);(871, 606)
(1172, 40);(873, 606)
(1173, 40);(873, 606)
(1172, 47);(873, 606)
(1174, 48);(883, 606)
(1178, 64);(884, 607)
(1188, 83);(885, 611)
(1189, 83);(885, 611)
(1189, 83);(885, 611)
(1182, 69);(875, 609)
(1182, 69);(875, 606)
(1180, 69);(875, 606)
(1180, 69);(875, 606)
(1178, 68);(875, 606)
(1178, 61);(875, 607)
(1178, 52);(875, 606)
(1176, 52);(875, 607)
(1178, 52);(875, 607)
(1176, 59);(876, 607)
(1176, 59);(887, 606)
(1176, 59);(881, 605)
(1176, 52);(881, 605)
(1176, 52);(881, 605)
(1178, 52);(880, 605)
(1176, 58);(879, 605)
(1176, 57);(879, 605)
(1176, 57);(879, 604)
(1177, 50);(873, 604)
(1176, 50);(879, 604)
(1176, 50);(879, 604)
(1176, 50);(879, 604)
(1176, 56);(871, 605)
(1176, 57);(871, 606)
(1176, 57);(870, 606)
(1176, 57);(870, 606)
(1176, 57);(870, 606)
(1176, 52);(870, 606)
(1176, 52);(870, 606)
(1176, 59);(870, 606)
(1176, 59);(870, 604)
(1176, 59);(870, 605)
(1176, 59);(870, 604)
(1176, 61);(869, 603)
(1176, 63);(869, 602)
(1178, 63);(869, 598)
(1178, 63);(868, 598)
(1178, 63);(868, 598)
(1178, 65);(872, 595)
(1178, 58);(869, 599)
(1178, 64);(876, 599)
(1182, 61);(876, 599)
(1182, 61);(876, 599)
(1182, 61);(876, 599)
(1182, 61);(872, 602)
(1178, 58);(870, 602)
(1178, 58);(870, 602)
(1178, 65);(870, 602)
(1178, 65);(869, 603)
(1182, 60);(869, 604)
(1184, 65);(869, 604)
(1181, 62);(869, 604)
(1181, 62);(870, 602)
(1173, 67);(871, 600)
(1174, 67);(871, 600)
(1174, 67);(871, 598)
(1174, 68);(871, 598)
(1174, 68);(871, 599)
(1174, 68);(868, 601)
(1174, 71);(867, 600)
(1174, 71);(867, 600)
(1173, 72);(867, 599)
(1173, 72);(866, 599)
(1173, 72);(869, 598)
(1174, 64);(870, 598)
(1174, 64);(870, 598)
(1174, 64);(874, 595)
(1174, 64);(874, 595)
(1172, 72);(876, 595)
(1174, 72);(876, 595)
(1172, 73);(876, 595)
(1174, 73);(876, 597)
(1173, 66);(876, 599)
(1174, 71);(876, 600)
(1176, 64);(876, 600)
(1176, 64);(876, 600)
(1176, 64);(879, 600)
(1174, 71);(880, 600)
(1174, 71);(880, 600)
(1174, 71);(880, 599)
(1174, 71);(881, 598)
(1173, 72);(882, 598)
(1173, 72);(882, 598)
(1172, 72);(880, 597)
(1172, 72);(880, 597)
(1172, 72);(880, 597)
(1172, 73);(880, 599)
(1172, 73);(878, 599)
(1169, 70);(878, 599)
(1169, 70);(877, 600)
(1172, 73);(876, 600)
(1172, 73);(876, 599)
(1175, 69);(876, 598)
(1172, 73);(876, 598)
(1172, 73);(876, 598)
(1172, 75);(878, 598)
(1174, 75);(878, 598)
(1174, 75);(878, 598)
(1174, 75);(877, 598)
(1172, 68);(876, 598)
(1172, 68);(876, 596)
(1172, 75);(876, 598)
(1172, 75);(876, 598)
(1174, 75);(871, 601)
(1174, 76);(871, 602)
(1174, 75);(871, 602)
(1174, 75);(871, 603)
(1174, 75);(871, 602)
(1174, 75);(871, 603)
(1174, 68);(871, 603)
(1174, 68);(871, 603)
(1177, 71);(871, 604)
(1177, 71);(871, 604)
(1172, 73);(871, 604)
(1172, 73);(871, 604)
(1174, 73);(872, 604)
(1174, 66);(872, 604)
(1174, 66);(872, 604)
(1174, 66);(871, 604)
(1174, 66);(871, 604)
(1175, 70);(869, 603)
(1172, 73);(869, 602)
(1172, 73);(869, 602)
(1173, 75);(868, 602)
(1173, 75);(869, 602)
(1172, 75);(870, 602)
(1173, 70);(870, 602)
(1174, 77);(870, 602)
(1174, 77);(870, 602)
(1174, 77);(872, 603)
(1174, 77);(871, 602)
(1174, 77);(871, 602)
(1174, 68);(871, 602)
(1174, 68);(877, 599)
(1174, 68);(878, 599)
(1174, 73);(878, 599)
(1172, 66);(879, 599)
(1174, 72);(878, 599)
(1174, 72);(878, 599)
(1174, 68);(878, 599)
(1174, 68);(878, 599)
(1174, 77);(877, 599)
(1174, 77);(877, 599)
(1174, 75);(872, 603)
(1174, 74);(871, 603)
(1174, 74);(870, 603)
(1174, 74);(870, 603)
(1174, 74);(870, 603)
(1174, 74);(871, 603)
(1175, 77);(879, 599)
(1175, 77);(879, 599)
(1175, 77);(875, 604)
(1176, 74);(875, 604)
(1175, 74);(875, 604)
(1175, 74);(875, 604)
(1175, 74);(875, 604)
(1175, 74);(874, 604)
(1175, 74);(874, 604)
(1175, 74);(874, 604)
(1176, 74);(874, 604)
(1176, 74);(874, 604)
(1176, 74);(874, 604)
(1176, 74);(878, 600)
(1179, 70);(873, 604)
(1179, 70);(873, 604)
(1179, 70);(873, 604)
(1175, 66);(873, 602)
(1176, 73);(873, 602)
(1176, 74);(878, 600)
(1174, 74);(878, 600)
(1174, 76);(873, 603)
(1176, 76);(873, 603)
(1176, 76);(873, 603)
(1176, 77);(873, 603)
(1176, 70);(880, 600)
(1176, 70);(880, 599)
(1176, 70);(880, 599)
(1176, 70);(873, 602)
(1176, 70);(873, 603)
(1176, 70);(874, 600)
(1176, 70);(874, 600)
(1174, 70);(874, 600)
(1174, 70);(876, 600)
(1174, 76);(876, 600)
(1179, 73);(876, 599)
(1176, 68);(876, 599)
(1176, 68);(873, 602)
(1176, 68);(882, 599)
(1177, 66);(882, 599)
(1177, 66);(882, 599)
(1177, 66);(882, 599)
(1176, 66);(877, 602)
(1176, 66);(872, 602)
(1176, 73);(872, 602)
(1174, 75);(872, 602)
(1174, 75);(872, 602)
(1174, 73);(873, 602)
(1174, 73);(873, 602)
(1174, 73);(876, 598)
(1174, 73);(871, 602)
(1179, 70);(871, 602)
(1179, 70);(871, 602)
(1179, 70);(871, 602)
(1176, 71);(871, 602)
(1176, 71);(871, 602)
(1176, 71);(871, 602)
(1176, 71);(871, 602)
(1179, 69);(872, 604)
(1174, 75);(871, 604)
(1174, 75);(872, 604)
(1174, 75);(872, 604)
(1171, 72);(871, 604)
(1176, 66);(871, 604)
(1176, 66);(870, 604)
(1178, 66);(869, 602)
(1178, 66);(869, 602)
(1178, 66);(868, 602)
(1176, 73);(868, 602)
(1176, 73);(868, 602)
(1177, 67);(867, 602)
(1176, 73);(867, 602)
(1176, 73);(867, 602)
(1176, 73);(867, 602)
(1176, 73);(868, 602)
(1178, 66);(868, 602)
(1180, 71);(868, 602)
(1183, 68);(868, 602)
(1178, 71);(868, 602)
(1178, 71);(875, 602)
(1178, 73);(875, 602)
(1178, 75);(875, 602)
(1178, 75);(868, 604)
(1176, 75);(869, 604)
(1176, 73);(869, 604)
(1176, 73);(868, 604)
(1176, 73);(869, 604)
(1176, 73);(871, 604)
(1176, 73);(871, 604)
(1176, 73);(871, 604)
(1178, 68);(871, 604)
(1179, 71);(871, 604)
(1176, 68);(871, 604)
(1176, 73);(872, 604)
(1176, 73);(872, 603)
(1176, 73);(875, 600)
(1176, 73);(876, 600)
(1176, 73);(876, 599)
(1176, 73);(875, 598)
(1173, 67);(875, 598)
(1172, 73);(876, 598)
(1170, 73);(877, 598)
(1170, 73);(878, 600)
(1170, 73);(878, 600)
(1170, 66);(882, 598)
(1168, 68);(880, 596)
(1171, 65);(880, 596)
(1168, 60);(880, 596)
(1168, 63);(880, 596)
(1168, 63);(880, 596)
(1168, 59);(878, 596)
(1168, 59);(878, 596)
(1170, 57);(875, 596)
(1167, 58);(874, 594)
(1168, 58);(874, 593)
(1170, 57);(874, 592)
(1170, 57);(874, 592)
(1170, 57);(874, 592)
(1170, 57);(869, 597)
(1172, 53);(866, 597)
(1168, 55);(866, 598)
(1168, 54);(866, 598)
(1168, 54);(865, 598)
(1168, 54);(865, 598)
(1168, 54);(865, 598)
(1168, 53);(865, 598)
(1170, 51);(867, 598)
(1168, 51);(870, 598)
(1170, 49);(871, 599)
(1168, 49);(871, 599)
(1168, 49);(870, 600)
(1168, 49);(867, 603)
(1168, 49);(866, 602)
(1170, 51);(862, 602)
(1170, 51);(864, 599)
(1168, 53);(861, 602)
(1170, 53);(861, 601)
(1172, 53);(862, 601)
(1172, 55);(866, 600)
(1174, 55);(868, 601)
(1173, 51);(872, 597)
(1174, 49);(876, 597)
(1176, 40);(876, 597)
(1172, 45);(872, 602)
(1170, 42);(871, 601)
(1166, 42);(867, 601)
(1164, 41);(867, 604)
(1162, 41);(872, 601)
(1162, 42);(871, 604)
(1162, 43);(872, 604)
(1162, 36);(874, 603)
(1162, 44);(891, 592)
(1162, 44);(892, 593)
(1162, 44);(892, 593)
(1164, 36);(892, 593)
(1166, 39);(875, 597)
(1169, 38);(880, 594)
(1168, 43);(880, 597)
(1170, 41);(880, 597)
(1172, 49);(882, 597)
(1172, 49);(877, 602)
(1179, 43);(880, 598)
(1174, 45);(880, 598)
(1174, 46);(878, 598)
(1174, 45);(876, 598)
(1174, 45);(876, 596)
(1174, 44);(875, 596)
(1175, 45);(871, 599)
(1175, 45);(875, 597)
(1174, 46);(875, 597)
(1174, 48);(870, 600)
(1174, 48);(870, 600)
(1174, 49);(868, 600)
(1174, 49);(867, 600)
(1176, 50);(867, 600)
(1176, 50);(863, 600)
(1176, 54);(862, 601)
(1178, 55);(860, 601)
(1182, 52);(860, 601)
(1180, 52);(865, 597)
(1180, 52);(861, 600)
(1180, 52);(867, 597)
(1180, 57);(864, 601)
(1180, 50);(868, 597)
(1178, 57);(866, 600)
(1178, 58);(866, 600)
(1182, 58);(865, 600)
(1182, 65);(865, 600)
(1180, 67);(870, 599)
(1180, 71);(872, 601)
(1182, 72);(869, 605)
(1180, 72);(869, 605)
(1180, 71);(868, 605)
(1180, 69);(867, 604)
(1183, 65);(867, 604)
(1182, 63);(866, 601)
(1182, 63);(870, 597)
(1182, 62);(870, 597)
(1176, 66);(870, 597)
(1174, 64);(870, 597)
(1173, 63);(870, 597)
(1174, 63);(868, 597)
(1176, 63);(868, 597)
(1180, 61);(868, 597)
(1178, 67);(865, 600)
(1182, 67);(866, 601)
(1184, 60);(866, 601)
(1184, 60);(866, 601)
(1188, 61);(866, 601)
(1184, 65);(864, 601)
(1184, 63);(862, 601)
(1184, 64);(862, 601)
(1187, 59);(862, 601)
(1181, 61);(859, 604)
(1184, 61);(863, 607)
(1184, 61);(863, 607)
(1184, 61);(863, 607)
(1187, 59);(866, 606)
(1182, 61);(866, 606)
(1184, 64);(868, 606)
(1184, 64);(872, 603)
(1184, 63);(875, 600)
(1184, 63);(875, 600)
(1182, 58);(875, 600)
(1182, 64);(875, 600)
(1182, 64);(875, 600)
(1182, 58);(871, 603)
(1184, 58);(871, 603)
(1184, 65);(871, 603)
(1184, 65);(871, 603)
(1180, 65);(871, 604)
(1180, 65);(871, 604)
(1180, 65);(871, 604)
(1180, 65);(871, 604)
(1180, 58);(872, 604)
(1180, 58);(872, 604)
(1183, 61);(872, 604)
(1183, 60);(872, 604)
(1182, 60);(871, 604)
(1178, 58);(870, 604)
(1178, 64);(870, 604)
(1177, 66);(870, 604)
(1177, 66);(874, 600)
(1177, 66);(872, 600)
(1178, 58);(872, 600)
(1178, 65);(872, 601)
(1182, 61);(872, 601)
(1182, 61);(869, 604)
(1178, 65);(869, 604)
(1181, 60);(869, 604)
(1178, 65);(869, 604)
(1180, 63);(870, 604)
(1180, 60);(871, 604)
(1180, 61);(871, 603)
(1180, 61);(872, 603)
(1180, 61);(873, 603)
(1180, 61);(873, 603)
(1180, 61);(874, 604)
(1180, 61);(874, 604)
(1180, 60);(874, 604)
(1180, 60);(874, 604)
(1180, 54);(872, 604)
(1183, 57);(872, 604)
(1177, 54);(871, 604)
(1174, 58);(869, 605)
(1178, 60);(869, 605)
(1175, 65);(867, 606)
(1176, 58);(867, 606)
(1174, 61);(867, 606)
(1180, 57);(869, 604)
(1177, 60);(870, 604)
(1176, 65);(870, 604)
(1176, 65);(871, 604)
(1176, 65);(871, 604)
(1174, 65);(870, 604)
(1174, 65);(870, 605)
(1174, 65);(870, 605)
(1174, 65);(869, 606)
(1174, 61);(867, 606)
(1174, 61);(867, 606)
(1174, 61);(867, 606)
(1174, 61);(866, 605)
(1174, 61);(866, 605)
(1172, 61);(866, 605)
(1172, 61);(866, 605)
(1172, 61);(866, 604)
(1172, 63);(866, 604)
(1172, 63);(866, 604)
(1172, 64);(867, 604)
(1174, 64);(866, 604)
(1174, 63);(863, 604)
(1174, 63);(867, 602)
(1174, 63);(867, 602)
(1174, 63);(867, 602)
(1174, 56);(868, 602)
(1174, 56);(869, 602)
(1174, 63);(869, 602)
(1174, 63);(871, 602)
(1174, 63);(872, 602)
(1174, 63);(873, 602)
(1174, 63);(873, 601)
(1182, 63);(874, 602)
(1182, 63);(878, 599)
(1180, 61);(878, 599)
(1182, 61);(874, 602)
(1183, 61);(868, 602)
(1182, 61);(866, 602)
(1180, 61);(870, 600)
(1182, 61);(870, 599)
(1182, 61);(870, 599)
(1182, 61);(870, 598)
(1184, 61);(870, 597)
(1184, 61);(870, 597)
(1178, 61);(868, 597)
(1178, 61);(868, 597)
(1178, 61);(868, 600)
(1178, 61);(868, 600)
(1178, 63);(868, 600)
(1181, 59);(866, 600)
(1181, 60);(866, 600)
(1181, 60);(866, 600)
(1178, 63);(864, 605)
(1178, 63);(864, 605)
(1183, 60);(872, 601)
(1178, 63);(867, 605)
(1178, 63);(866, 606)
(1178, 63);(866, 606)
(1178, 52);(866, 606)
(1178, 52);(866, 606)
(1174, 56);(866, 605)
(1174, 56);(866, 605)
(1174, 48);(872, 601)
(1176, 54);(872, 603)
(1175, 54);(872, 603)
(1175, 54);(872, 603)
(1176, 56);(872, 603)
(1178, 55);(876, 600)
(1178, 55);(874, 605)
(1183, 50);(876, 605)
(1183, 50);(876, 606)
(1180, 53);(881, 605)
(1180, 53);(883, 606)
(1182, 56);(891, 607)
(1182, 56);(891, 607)
(1180, 52);(888, 610)
(1182, 57);(884, 608)
(1182, 57);(880, 608)
(1185, 57);(880, 603)
(1182, 54);(882, 601)
(1186, 56);(882, 601)
(1186, 58);(880, 601)
(1188, 67);(877, 601)
(1186, 67);(877, 602)
(1186, 67);(877, 602)
(1188, 67);(875, 601)
(1190, 60);(877, 602)
(1188, 65);(877, 603)
(1192, 63);(877, 603)
(1194, 63);(875, 606)
(1193, 63);(878, 606)
(1193, 63);(879, 603)
(1191, 63);(878, 605)
(1191, 63);(878, 605)
(1191, 65);(884, 608)
(1190, 58);(884, 608)
(1193, 62);(884, 607)
(1189, 63);(885, 606)
(1189, 63);(885, 606)
(1190, 63);(884, 605)
(1187, 54);(877, 606)
(1185, 61);(872, 606)
(1184, 60);(871, 601)
(1186, 52);(866, 599)
(1184, 52);(866, 599)
(1184, 52);(866, 599)
(1184, 59);(867, 602)
(1186, 59);(867, 602)
(1186, 65);(874, 607)
(1186, 65);(875, 607)
(1188, 58);(879, 607)
(1188, 58);(882, 607)
(1186, 65);(882, 608)
(1186, 67);(883, 608)
(1187, 67);(886, 608)
(1188, 67);(887, 608)
(1188, 67);(890, 606)
(1188, 67);(890, 606)
(1188, 67);(890, 606)
(1186, 67);(886, 609)
(1186, 59);(885, 605)
(1184, 59);(878, 609)
(1184, 59);(878, 609)
(1184, 68);(878, 610)
(1184, 79);(879, 610)
(1188, 76);(879, 610)
(1184, 74);(879, 610)
(1185, 73);(879, 608)
(1180, 73);(880, 605)
(1180, 73);(873, 606)
(1180, 73);(872, 604)
(1180, 72);(872, 604)
(1176, 69);(872, 598)
(1179, 64);(873, 597)
(1176, 60);(873, 595)
(1176, 60);(873, 596)
(1178, 60);(874, 595)
(1179, 68);(875, 596)
(1180, 62);(880, 595)
(1180, 62);(872, 595)
(1182, 69);(872, 596)
(1182, 69);(872, 596)
(1182, 69);(872, 596)
(1189, 68);(881, 595)
(1188, 66);(873, 596)
(1190, 72);(873, 596)
(1190, 73);(869, 599)
(1190, 73);(869, 599)
(1192, 73);(869, 599)
(1197, 67);(869, 594)
(1198, 68);(869, 595)
(1198, 75);(866, 595)
(1203, 72);(870, 591)
(1198, 74);(871, 598)
(1200, 68);(866, 595)
(1200, 68);(866, 595)
(1200, 68);(869, 593)
(1200, 75);(871, 593)
(1202, 75);(872, 593)
(1200, 75);(872, 594)
(1200, 75);(872, 594)
(1200, 75);(872, 595)
(1200, 75);(869, 595)
(1200, 75);(869, 594)
(1200, 75);(869, 591)
(1200, 74);(867, 592)
(1200, 75);(867, 592)
(1200, 75);(870, 591)
(1198, 68);(870, 591)
(1200, 68);(867, 591)
(1200, 68);(875, 583)
(1200, 68);(875, 587)
(1200, 68);(875, 587)
(1200, 68);(872, 592)
(1202, 75);(872, 595)
(1200, 75);(871, 595)
(1200, 75);(871, 595)
(1202, 73);(871, 592)
(1200, 68);(870, 591)
(1200, 68);(870, 592)
(1200, 68);(870, 592)
(1200, 74);(870, 593)
(1202, 73);(870, 593)
(1202, 73);(870, 593)
(1202, 73);(871, 593)
(1202, 73);(871, 592)
(1200, 68);(871, 592)
(1205, 72);(870, 594)
(1202, 68);(870, 594)
(1202, 73);(870, 594)
(1202, 73);(870, 590)
(1202, 73);(872, 590)
(1200, 73);(872, 590)
(1200, 73);(870, 592)
(1200, 73);(868, 592)
(1202, 73);(866, 592)
(1200, 73);(866, 591)
(1202, 73);(866, 588)
(1202, 66);(872, 586)
(1202, 73);(872, 586)
(1202, 72);(880, 585)
(1202, 66);(867, 595)
(1202, 72);(867, 595)
(1202, 72);(867, 595)
(1202, 72);(880, 588)
(1202, 73);(872, 588)
(1202, 73);(875, 586)
(1202, 73);(877, 589)
(1202, 73);(880, 585)
(1202, 73);(872, 595)
(1202, 73);(870, 596)
(1202, 73);(868, 596)
(1202, 72);(867, 596)
(1202, 72);(866, 594)
(1202, 72);(866, 593)
(1202, 72);(867, 593)
(1202, 72);(867, 593)
(1200, 71);(869, 598)
(1200, 71);(869, 598)
(1200, 71);(869, 598)
(1200, 71);(872, 592)
(1202, 71);(874, 588)
(1205, 68);(874, 588)
(1205, 67);(874, 588)
(1204, 67);(867, 595)
(1200, 71);(867, 595)
(1205, 68);(867, 594)
(1202, 72);(874, 594)
(1202, 71);(871, 594)
(1200, 72);(871, 593)
(1201, 72);(874, 590)
(1205, 69);(870, 593)
(1205, 69);(871, 593)
(1200, 71);(871, 595)
(1200, 70);(873, 594)
(1200, 70);(873, 594)
(1204, 68);(874, 592)
(1200, 70);(879, 587)
(1200, 69);(880, 587)
(1200, 70);(880, 587)
(1200, 70);(880, 589)
(1200, 69);(873, 594)
(1200, 70);(873, 594)
(1203, 68);(873, 593)
(1203, 68);(873, 590)
(1203, 68);(873, 590)
(1203, 68);(877, 585)
(1203, 68);(882, 585)
(1200, 71);(883, 585)
(1200, 71);(883, 587)
(1200, 70);(879, 591)
(1200, 71);(879, 591)
(1200, 71);(879, 591)
(1200, 71);(882, 591)
(1202, 64);(883, 584)
(1200, 64);(883, 584)
(1200, 71);(883, 584)
(1198, 70);(877, 595)
(1200, 69);(877, 595)
(1198, 70);(877, 594)
(1200, 69);(877, 590)
(1200, 69);(877, 590)
(1200, 69);(877, 590)
(1200, 69);(884, 592)
(1200, 69);(884, 592)
(1200, 70);(876, 592)
(1203, 68);(873, 593)
(1203, 68);(880, 594)
(1203, 68);(880, 595)
(1200, 63);(871, 596)
(1203, 68);(871, 596)
(1200, 63);(880, 596)
(1203, 67);(880, 596)
(1203, 67);(877, 591)
(1203, 67);(877, 591)
(1203, 67);(877, 591)
(1200, 69);(876, 590)
(1200, 69);(877, 594)
(1200, 69);(873, 589)
(1198, 69);(874, 589)
(1198, 70);(874, 589)
(1198, 70);(878, 595)
(1198, 69);(878, 596)
(1198, 69);(878, 598)
(1196, 69);(878, 598)
(1196, 69);(878, 600)
(1199, 63);(878, 598)
(1197, 62);(878, 598)
(1194, 67);(874, 596)
(1194, 67);(873, 596)
(1194, 67);(873, 596)
(1194, 67);(874, 597)
(1194, 67);(874, 597)
(1194, 67);(874, 597)
(1194, 67);(874, 596)
(1196, 67);(874, 594)
(1196, 67);(874, 594)
(1196, 67);(874, 594)
(1196, 60);(867, 594)
(1198, 67);(867, 594)
(1198, 67);(867, 594)
(1198, 67);(867, 594)
(1200, 67);(868, 595)
(1200, 67);(878, 596)
(1200, 67);(878, 596)
(1200, 67);(876, 597)
(1200, 67);(876, 597)
(1200, 67);(878, 597)
(1202, 67);(877, 597)
(1202, 67);(879, 597)
(1200, 68);(880, 597)
(1200, 68);(880, 597)
(1200, 68);(880, 597)
(1200, 68);(873, 596)
(1200, 68);(873, 596)
(1200, 68);(882, 597)
(1200, 68);(882, 598)
(1200, 67);(882, 598)
(1200, 67);(882, 598)
(1202, 67);(882, 598)
(1202, 67);(882, 597)
(1202, 67);(882, 596)
(1199, 69);(882, 596)
(1200, 69);(882, 597)
(1202, 69);(882, 597)
(1202, 69);(882, 596)
(1202, 69);(882, 600)
(1200, 69);(882, 600)
(1200, 69);(882, 600)
(1200, 69);(882, 600)
(1200, 69);(882, 600)
(1200, 69);(882, 600)
(1200, 69);(882, 600)
(1200, 69);(870, 599)
(1200, 69);(870, 599)
(1200, 69);(870, 600)
(1199, 68);(870, 600)
(1199, 68);(870, 600)
(1199, 68);(871, 600)
(1199, 68);(871, 601)
(1199, 68);(871, 601)
(1199, 68);(871, 601)
(1199, 68);(871, 601)
(1200, 67);(871, 600)
(1196, 60);(871, 600)
(1200, 62);(871, 600)
(1196, 67);(871, 600)
(1196, 67);(871, 600)
(1196, 67);(871, 600)
(1196, 67);(871, 597)
(1196, 67);(871, 597)
(1196, 67);(871, 597)
(1196, 67);(870, 599)
(1196, 67);(868, 599)
(1195, 67);(867, 599)
(1196, 67);(866, 599)
(1196, 67);(866, 599)
(1196, 67);(866, 599)
(1196, 65);(870, 597)
(1193, 65);(871, 597)
(1193, 65);(871, 597)
(1193, 65);(871, 598)
(1196, 65);(877, 595)
(1199, 63);(872, 598)
(1196, 67);(871, 598)
(1196, 67);(872, 598)
(1196, 67);(872, 598)
(1196, 67);(872, 598)
(1196, 67);(874, 597)
(1199, 63);(874, 597)
(1194, 67);(882, 598)
(1194, 67);(882, 598)
(1194, 60);(873, 598)
(1194, 60);(880, 598)
(1194, 60);(880, 598)
(1194, 66);(871, 598)
(1194, 66);(871, 598)
(1194, 65);(871, 598)
(1194, 65);(878, 598)
(1194, 65);(869, 598)
(1192, 65);(869, 598)
(1192, 65);(869, 598)
(1192, 65);(880, 598)
(1192, 65);(873, 598)
(1192, 65);(873, 598)
(1192, 65);(873, 597)
(1194, 65);(880, 597)
(1194, 65);(880, 597)
(1194, 65);(880, 597)
(1194, 65);(871, 597)
(1194, 65);(880, 597)
(1194, 65);(880, 597)
(1194, 65);(873, 596)
(1194, 65);(882, 597)
(1192, 65);(882, 598)
(1192, 65);(882, 599)
(1192, 65);(873, 599)
(1192, 65);(871, 599)
(1192, 65);(871, 599)
(1192, 65);(871, 598)
(1193, 66);(871, 598)
(1193, 66);(871, 598)
(1196, 61);(871, 598)
(1196, 61);(871, 597)
(1196, 61);(871, 597)
(1196, 61);(871, 597)
(1196, 61);(871, 597)
(1192, 65);(870, 597)
(1192, 65);(869, 597)
(1192, 65);(867, 597)
(1192, 66);(867, 596)
(1192, 66);(867, 596)
(1192, 66);(867, 596)
(1192, 66);(867, 596)
(1192, 66);(868, 598)
(1192, 66);(867, 598)
(1192, 66);(867, 598)
(1194, 65);(867, 598)
(1194, 65);(867, 597)
(1194, 65);(867, 596)
(1196, 65);(866, 595)
(1196, 65);(866, 597)
(1196, 65);(866, 597)
(1194, 65);(870, 599)
(1194, 65);(870, 599)
(1194, 65);(870, 599)
(1192, 65);(868, 599)
(1193, 65);(868, 599)
(1194, 65);(868, 599)
(1194, 65);(876, 601)
(1194, 65);(870, 599)
(1194, 65);(871, 597)
(1194, 65);(871, 597)
(1194, 65);(871, 597)
(1194, 65);(871, 597)
(1194, 65);(868, 599)
(1194, 65);(868, 599)
(1197, 61);(867, 599)
(1194, 65);(868, 599)
(1194, 65);(868, 599)
(1194, 67);(872, 598)
(1194, 68);(872, 598)
(1196, 68);(880, 598)
(1196, 70);(880, 598)
(1196, 73);(870, 597)
(1196, 73);(870, 597)
(1196, 73);(870, 597)
(1196, 73);(869, 597)
(1196, 73);(869, 597)
(1196, 73);(867, 597)
(1196, 73);(864, 598)
(1196, 73);(863, 598)
(1196, 73);(863, 599)
(1196, 73);(872, 600)
(1198, 74);(874, 600)
(1198, 73);(869, 601)
(1198, 73);(870, 601)
(1198, 74);(870, 601)
(1198, 74);(870, 601)
(1198, 74);(870, 601)
(1198, 74);(870, 601)
(1198, 72);(870, 601)
(1200, 71);(869, 599)
(1198, 71);(870, 599)
(1198, 71);(870, 599)
(1200, 71);(870, 599)
(1202, 67);(871, 599)
(1200, 69);(875, 595)
(1198, 69);(870, 599)
(1198, 69);(870, 599)
(1198, 69);(868, 600)
(1198, 69);(868, 600)
(1198, 69);(868, 600)
(1198, 69);(868, 601)
(1198, 69);(868, 601)
(1199, 69);(868, 601)
(1199, 69);(869, 601)
(1199, 69);(869, 601)
(1200, 69);(869, 601)
(1200, 71);(868, 601)
(1198, 66);(866, 601)
(1200, 71);(866, 601)
(1199, 72);(866, 601)
(1200, 71);(872, 598)
(1202, 70);(872, 598)
(1200, 70);(870, 602)
(1200, 69);(870, 602)
(1200, 70);(871, 602)
(1200, 70);(872, 602)
(1198, 73);(876, 602)
(1197, 64);(876, 606)
(1192, 66);(877, 606)
(1192, 66);(877, 607)
(1192, 73);(879, 607)
(1193, 73);(879, 608)
(1193, 75);(880, 608)
(1194, 75);(880, 608)
(1195, 75);(879, 608)
(1194, 75);(879, 607)
(1194, 63);(878, 605)
(1196, 69);(877, 604)
(1195, 61);(877, 604)
(1196, 68);(873, 603)
(1196, 67);(872, 602)
(1199, 62);(872, 602)
(1196, 58);(872, 601)
(1194, 65);(873, 601)
(1194, 65);(873, 601)
(1194, 58);(879, 602)
(1192, 58);(879, 603)
(1192, 58);(881, 603)
(1192, 57);(881, 603)
(1192, 65);(881, 604)
(1190, 58);(881, 604)
(1192, 58);(883, 605)
(1194, 60);(883, 605)
(1190, 58);(883, 605)
(1192, 65);(879, 605)
(1190, 58);(876, 605)
(1188, 65);(874, 605)
(1188, 65);(874, 606)
(1188, 65);(874, 607)
(1188, 72);(875, 607)
(1188, 75);(879, 607)
(1197, 76);(887, 607)
(1198, 77);(887, 607)
(1196, 75);(887, 607)
(1195, 83);(889, 607)
(1195, 83);(889, 607)
(1196, 84);(887, 607)
(1197, 72);(886, 607)
(1194, 67);(879, 604)
(1197, 60);(875, 602)
(1194, 58);(875, 601)
(1194, 65);(875, 601)
(1194, 64);(874, 601)
(1194, 64);(874, 601)
(1194, 61);(873, 600)
(1196, 59);(871, 600)
(1194, 60);(869, 600)
(1194, 60);(869, 600)
(1194, 59);(867, 599)
(1194, 59);(866, 599)
(1194, 57);(866, 599)
(1194, 57);(867, 599)
(1193, 57);(868, 599)
(1193, 57);(868, 599)
(1194, 57);(868, 599)
(1194, 52);(868, 600)
(1194, 60);(868, 600)
(1196, 54);(867, 600)
(1196, 54);(867, 600)
(1196, 54);(864, 601)
(1196, 54);(864, 599)
(1196, 54);(864, 599)
(1196, 54);(864, 599)
(1196, 54);(866, 599)
(1196, 60);(867, 599)
(1196, 60);(867, 599)
(1198, 59);(867, 599)
(1198, 61);(868, 600)
(1204, 65);(869, 600)
(1204, 66);(875, 600)
(1204, 67);(875, 601)
(1204, 68);(875, 601)
(1203, 69);(876, 601)
(1203, 70);(877, 602)
(1202, 70);(877, 602)
(1200, 70);(877, 602)
(1198, 71);(877, 602)
(1198, 67);(877, 602)
(1197, 67);(877, 603)
(1197, 67);(880, 603)
(1197, 67);(882, 603)
(1197, 67);(884, 603)
(1197, 67);(884, 603)
(1197, 67);(884, 603)
(1197, 67);(884, 603)
(1196, 63);(884, 601)
(1197, 52);(885, 601)
(1192, 57);(885, 601)
(1190, 55);(885, 602)
(1190, 47);(885, 602)
(1188, 53);(885, 602)
(1188, 53);(886, 599)
(1188, 53);(887, 599)
(1188, 53);(887, 599)
(1188, 53);(887, 599)
(1188, 53);(887, 599)
(1186, 53);(885, 601)
(1186, 53);(883, 601)
(1188, 53);(883, 601)
(1186, 54);(880, 599)
(1186, 55);(880, 599)
(1186, 55);(880, 598)
(1186, 55);(878, 597)
(1186, 55);(878, 597)
(1186, 55);(878, 597)
(1186, 55);(879, 596)
(1186, 55);(879, 596)
(1186, 55);(880, 596)
(1186, 55);(880, 599)
(1186, 56);(878, 599)
(1186, 50);(875, 599)
(1186, 50);(875, 599)
(1184, 57);(875, 599)
(1184, 58);(875, 599)
(1184, 58);(877, 599)
(1184, 58);(877, 599)
(1182, 52);(878, 598)
(1182, 58);(877, 598)
(1182, 58);(878, 598)
(1182, 58);(878, 599)
(1182, 58);(877, 600)
(1184, 58);(874, 601)
(1184, 58);(874, 601)
(1184, 58);(873, 601)
(1182, 57);(873, 600)
(1182, 57);(873, 600)
(1182, 57);(873, 598)
(1182, 50);(882, 598)
(1182, 50);(876, 597)
(1182, 50);(884, 598)
(1181, 50);(884, 598)
(1180, 50);(884, 598)
(1182, 50);(881, 594)
(1180, 50);(882, 594)
(1180, 50);(882, 594)
(1182, 57);(882, 593)
(1182, 57);(879, 597)
(1183, 55);(879, 597)
(1183, 55);(879, 596)
(1180, 57);(879, 597)
(1180, 57);(880, 597)
(1182, 57);(880, 597)
(1182, 57);(878, 596)
(1182, 57);(878, 596)
(1182, 57);(878, 596)
(1182, 57);(877, 597)
(1182, 57);(877, 597)
(1182, 57);(877, 597)
(1182, 57);(877, 597)
(1180, 57);(877, 598)
(1180, 57);(877, 598)
(1180, 57);(876, 596)
(1182, 57);(874, 597)
(1182, 57);(874, 597)
(1182, 57);(874, 597)
(1182, 50);(875, 597)
(1182, 50);(877, 596)
(1180, 50);(877, 596)
(1180, 57);(883, 593)
(1180, 57);(884, 593)
(1180, 57);(884, 593)
(1180, 58);(884, 593)
(1180, 52);(884, 593)
(1180, 52);(884, 593)
(1180, 51);(885, 593)
(1180, 52);(884, 593)
(1180, 52);(884, 593)
(1180, 52);(884, 593)
(1178, 57);(884, 593)
(1178, 57);(884, 593)
(1178, 57);(884, 593)
(1178, 57);(884, 593)
(1178, 57);(884, 593)
(1178, 57);(884, 593)
(1180, 52);(884, 593)
(1181, 52);(884, 593)
(1184, 55);(885, 596)
(1184, 55);(878, 596)
(1184, 55);(878, 596)
(1184, 55);(878, 596)
(1180, 52);(878, 596)
(1180, 52);(878, 596)
(1183, 55);(884, 592)
(1179, 52);(884, 592)
(1179, 52);(887, 596)
(1183, 55);(887, 596)
(1180, 58);(884, 592)
(1183, 55);(884, 592)
(1183, 55);(884, 592)
(1178, 52);(884, 592)
(1178, 52);(887, 595)
(1178, 59);(887, 596)
(1178, 59);(887, 596)
(1178, 59);(887, 596)
(1176, 56);(884, 593)
(1180, 59);(884, 593)
(1180, 52);(884, 593)
(1183, 55);(884, 593)
(1183, 55);(884, 593)
(1180, 59);(885, 594)
(1182, 56);(887, 596)
(1180, 59);(887, 596)
(1180, 59);(887, 596)
(1180, 59);(887, 596)
(1180, 59);(887, 596)
(1180, 59);(884, 593)
(1180, 59);(882, 593)
(1180, 59);(882, 593)
(1180, 59);(882, 593)
(1180, 59);(882, 592)
(1177, 61);(882, 592)
(1177, 61);(882, 592)
(1178, 60);(884, 592)
(1178, 59);(884, 592)
(1178, 59);(884, 592)
(1178, 59);(884, 591)
(1178, 59);(883, 591)
(1178, 59);(883, 591)
(1178, 59);(883, 591)
(1178, 57);(885, 591)
(1178, 57);(887, 596)
(1178, 57);(887, 596)
(1178, 52);(885, 593)
(1178, 52);(885, 593)
(1178, 52);(886, 593)
(1178, 59);(886, 592)
(1178, 59);(886, 592)
(1178, 59);(881, 596)
(1178, 59);(886, 592)
(1180, 59);(881, 594)
(1178, 52);(882, 592)
(1178, 52);(886, 589)
(1178, 52);(886, 589)
(1178, 52);(885, 591)
(1178, 52);(885, 591)
(1180, 52);(880, 595)
(1180, 52);(885, 591)
(1176, 62);(885, 591)
(1176, 62);(879, 595)
(1176, 56);(878, 595)
(1178, 61);(877, 595)
(1178, 59);(876, 595)
(1180, 59);(876, 595)
(1180, 59);(876, 595)
(1180, 58);(876, 595)
(1180, 52);(876, 595)
(1180, 52);(876, 595)
(1180, 59);(878, 595)
(1180, 59);(878, 595)
(1180, 59);(879, 595)
(1180, 59);(879, 595)
(1180, 52);(880, 596)
(1180, 52);(880, 596)
(1180, 52);(880, 596)
(1180, 52);(880, 596)
(1180, 52);(880, 596)
(1180, 52);(880, 596)
(1179, 52);(879, 596)
(1179, 52);(880, 596)
(1179, 52);(880, 596)
(1179, 52);(880, 596)
(1178, 52);(880, 596)
(1178, 52);(880, 596)
(1178, 52);(878, 598)
(1178, 52);(878, 598)
(1179, 52);(878, 598)
(1179, 52);(878, 597)
(1180, 59);(878, 597)
(1180, 59);(878, 595)
(1180, 59);(877, 595)
(1178, 52);(874, 596)
(1178, 52);(874, 596)
(1178, 52);(874, 596)
(1178, 52);(874, 596)
(1178, 52);(877, 596)
(1178, 54);(877, 596)
(1178, 54);(878, 596)
(1178, 54);(879, 596)
(1178, 54);(879, 596)
(1178, 60);(885, 592)
(1178, 54);(885, 592)
(1178, 54);(885, 592)
(1178, 54);(885, 592)
(1178, 54);(885, 592)
(1181, 57);(885, 592)
(1181, 57);(878, 596)
(1181, 57);(874, 596)
(1176, 54);(874, 596)
(1176, 54);(874, 596)
(1176, 60);(877, 596)
(1176, 56);(878, 596)
(1176, 56);(878, 596)
(1180, 59);(878, 596)
(1176, 56);(878, 596)
(1176, 56);(877, 596)
(1176, 56);(877, 596)
(1176, 56);(878, 596)
(1176, 56);(878, 596)
(1183, 59);(879, 596)
(1183, 59);(879, 596)
(1183, 59);(879, 596)
(1178, 56);(879, 596)
(1181, 59);(885, 592)
(1181, 59);(885, 592)
(1178, 61);(885, 592)
(1178, 61);(885, 592)
(1178, 61);(885, 592)
(1178, 61);(885, 592)
(1178, 61);(879, 596)
(1178, 62);(879, 596)
(1178, 63);(879, 596)
(1178, 63);(879, 596)
(1178, 63);(878, 596)
(1178, 63);(877, 595)
(1178, 63);(877, 595)
(1178, 63);(877, 595)
(1178, 63);(877, 595)
(1179, 59);(882, 592)
(1179, 59);(878, 596)
(1178, 59);(878, 596)
(1178, 59);(878, 596)
(1178, 59);(878, 596)
(1180, 59);(878, 596)
(1180, 59);(878, 596)
(1180, 59);(878, 596)
(1180, 59);(878, 596)
(1180, 59);(878, 597)
(1180, 52);(878, 597)
(1180, 52);(878, 597)
(1180, 52);(878, 597)
(1180, 52);(878, 597)
(1180, 52);(878, 597)
(1180, 52);(878, 597)
(1180, 52);(878, 597)
(1180, 52);(878, 597)
(1180, 52);(878, 597)
(1180, 52);(882, 592)
(1180, 52);(882, 592)
(1180, 52);(882, 592)
(1180, 52);(882, 592)
(1180, 52);(882, 593)
(1180, 52);(882, 593)
(1180, 52);(882, 593)
(1180, 59);(882, 593)
(1180, 59);(882, 593)
(1180, 59);(882, 593)
(1180, 59);(882, 593)
(1180, 59);(882, 593)
(1180, 59);(882, 593)
(1180, 59);(882, 593)
(1180, 59);(882, 593)
(1180, 59);(882, 593)
(1180, 59);(882, 593)
(1180, 59);(882, 593)
(1180, 59);(882, 593)
(1180, 59);(882, 593)
(1180, 59);(882, 593)
(1180, 59);(882, 593)
(1180, 59);(878, 596)
(1180, 59);(878, 596)
(1180, 59);(878, 596)
(1180, 59);(878, 596)
(1180, 59);(878, 596)
(1180, 59);(878, 596)
(1180, 59);(878, 596)
(1180, 59);(878, 596)
(1180, 59);(878, 596)
(1180, 59);(878, 596)
(1180, 59);(878, 596)
(1180, 59);(877, 596)
(1180, 59);(877, 596)
(1180, 59);(878, 596)
(1180, 52);(878, 596)
(1180, 52);(878, 596)
(1180, 52);(878, 596)
(1180, 52);(878, 596)
(1180, 52);(878, 596)
(1180, 60);(877, 596)
(1180, 60);(877, 596)
(1180, 60);(877, 596)
(1180, 60);(877, 596)
(1180, 60);(877, 596)
(1180, 60);(877, 596)
(1180, 60);(878, 596)
(1180, 60);(878, 596)
(1180, 60);(878, 596)
(1180, 60);(878, 596)
(1180, 60);(878, 596)
(1180, 60);(878, 596)
(1180, 60);(878, 596)
(1180, 60);(878, 596)
(1180, 60);(878, 596)
(1180, 60);(878, 597)
(1180, 60);(878, 597)
(1180, 60);(878, 597)
(1180, 60);(878, 597)
(1180, 60);(878, 597)
(1180, 60);(878, 597)
(1180, 60);(878, 597)
(1180, 60);(878, 597)
(1180, 60);(878, 597)
(1180, 60);(878, 596)
(1179, 60);(878, 596)
(1179, 60);(878, 596)
(1179, 60);(878, 596)
(1179, 60);(878, 596)
(1179, 60);(878, 596)
(1179, 60);(878, 596)
(1179, 60);(878, 596)
(1179, 60);(878, 596)
(1179, 60);(878, 596)
(1179, 60);(878, 596)
(1179, 60);(878, 596)
(1179, 60);(878, 596)
(1179, 60);(878, 596)
(1180, 59);(878, 596)
(1180, 60);(878, 596)
(1180, 60);(877, 596)
(1180, 60);(875, 596)
(1180, 60);(875, 596)
(1180, 60);(875, 596)
(1180, 60);(875, 596)
(1180, 60);(875, 596)
(1180, 60);(875, 596)
(1180, 60);(875, 596)
(1180, 60);(875, 596)
(1180, 60);(875, 596)
(1180, 60);(875, 596)
(1180, 60);(875, 596)
(1180, 60);(875, 596)
(1180, 60);(877, 596)
(1180, 60);(877, 596)
(1178, 59);(877, 596)
(1178, 59);(877, 596)
(1178, 59);(877, 596)
(1178, 59);(877, 596)
(1178, 59);(877, 596)
(1178, 59);(877, 596)
(1178, 59);(877, 596)
(1178, 59);(877, 596)
(1178, 59);(877, 596)
(1178, 59);(877, 596)
(1178, 59);(877, 596)
(1178, 59);(877, 596)
(1178, 59);(877, 596)
(1178, 59);(877, 596)
(1178, 59);(877, 596)
(1180, 59);(877, 596)
(1180, 59);(877, 596)
(1180, 59);(877, 596)
(1180, 59);(877, 596)
(1180, 59);(877, 596)
(1180, 59);(877, 596)
(1180, 59);(877, 596)
(1180, 59);(877, 596)
(1180, 59);(877, 596)
(1180, 59);(877, 596)
(1180, 59);(877, 596)
(1180, 59);(877, 596)
(1180, 59);(877, 596)
(1180, 59);(877, 596)
(1180, 59);(877, 596)
(1180, 59);(877, 596)
(1180, 59);(877, 597)
(1180, 59);(877, 597)
(1180, 59);(877, 597)
(1180, 59);(877, 597)
(1180, 59);(877, 597)
(1180, 59);(877, 597)
(1180, 59);(877, 597)
(1180, 59);(877, 597)
(1180, 59);(877, 597)
(1180, 59);(877, 596)
(1180, 59);(877, 597)
(1180, 59);(877, 597)
(1180, 59);(877, 596)
(1180, 59);(877, 596)
(1178, 59);(877, 596)
(1178, 59);(877, 596)
(1178, 59);(877, 596)
(1178, 59);(877, 596)
(1178, 59);(877, 596)
(1178, 59);(877, 596)
(1178, 59);(877, 596)
(1178, 59);(877, 596)
(1178, 59);(877, 596)
(1178, 59);(877, 596)
(1178, 59);(877, 595)
(1178, 64);(880, 591)
(1178, 58);(876, 594)
(1178, 65);(878, 594)
(1178, 65);(878, 594)
(1178, 65);(878, 594)
(1178, 65);(879, 594)
(1178, 65);(879, 594)
(1178, 65);(879, 594)
(1178, 65);(882, 590)
(1178, 65);(882, 590)
(1178, 65);(882, 590)
(1178, 65);(882, 590)
(1178, 65);(882, 590)
(1178, 65);(879, 594)
(1178, 65);(879, 594)
(1178, 65);(879, 594)
(1178, 65);(879, 594)
(1178, 65);(879, 594)
(1181, 61);(879, 594)
(1178, 66);(875, 595)
(1178, 66);(875, 595)
(1178, 66);(875, 595)
(1178, 66);(875, 595)
(1178, 66);(875, 595)
(1178, 66);(875, 595)
(1178, 66);(876, 595)
(1178, 66);(876, 595)
(1178, 66);(876, 595)
(1178, 66);(876, 595)
(1178, 66);(876, 595)
(1178, 66);(876, 595)
(1178, 66);(875, 595)
(1178, 66);(875, 595)
(1178, 66);(875, 595)
(1178, 58);(875, 595)
(1178, 58);(875, 595)
(1178, 58);(876, 595)
(1178, 58);(876, 595)
(1178, 58);(876, 595)
(1178, 58);(876, 595)
(1178, 58);(876, 595)
(1178, 58);(876, 595)
(1178, 58);(876, 595)
(1178, 58);(876, 595)
(1178, 58);(876, 595)
(1178, 58);(876, 595)
(1178, 58);(876, 595)
(1181, 61);(876, 595)
(1178, 58);(875, 595)
(1178, 66);(875, 595)
(1178, 66);(875, 595)
(1178, 66);(875, 595)
(1178, 66);(875, 595)
(1178, 66);(875, 595)
(1178, 66);(875, 595)
(1178, 66);(875, 595)
(1178, 66);(875, 595)
(1178, 66);(875, 595)
(1178, 58);(875, 595)
(1178, 58);(875, 595)
(1178, 58);(875, 595)
(1178, 58);(876, 595)
(1178, 58);(876, 595)
(1178, 58);(876, 595)
(1178, 58);(876, 595)
(1178, 58);(876, 595)
(1178, 58);(876, 595)
(1178, 58);(876, 595)
(1178, 58);(876, 595)
(1178, 58);(876, 595)
(1178, 58);(876, 595)
(1178, 58);(876, 595)
(1178, 58);(876, 595)
(1178, 58);(876, 595)
(1178, 58);(875, 595)
(1178, 58);(876, 595)
(1178, 58);(875, 595)
(1178, 58);(875, 595)
(1178, 58);(875, 595)
(1178, 66);(875, 595)
(1178, 66);(875, 595)
(1178, 66);(875, 595)
(1178, 66);(875, 595)
(1178, 66);(875, 595)
(1178, 66);(875, 595)
(1178, 66);(875, 595)
(1178, 66);(875, 595)
(1178, 66);(880, 591)
(1178, 66);(880, 591)
(1178, 66);(880, 591)
(1178, 66);(880, 591)
(1178, 66);(880, 591)
(1178, 66);(880, 591)
(1178, 58);(880, 591)
(1178, 58);(875, 595)
(1178, 58);(875, 595)
(1178, 58);(875, 595)
(1178, 58);(875, 595)
(1178, 58);(875, 595)
(1178, 58);(875, 595)
(1178, 58);(875, 595)
(1178, 58);(875, 595)
(1178, 58);(875, 595)
(1178, 58);(876, 595)
(1178, 58);(876, 595)
(1178, 58);(876, 595)
(1178, 58);(876, 595)
(1178, 58);(876, 595)
(1178, 58);(876, 595)
(1178, 58);(876, 595)
(1178, 58);(876, 595)
(1178, 58);(876, 595)
(1178, 58);(876, 595)
(1178, 58);(876, 595)
(1178, 58);(876, 595)
(1178, 65);(876, 595)
(1178, 65);(876, 595)
(1178, 58);(876, 595)
(1178, 58);(876, 595)
(1178, 58);(876, 595)
(1178, 58);(876, 595)
(1178, 58);(876, 595)
(1178, 58);(876, 595)
(1178, 58);(876, 595)
(1178, 58);(876, 595)
(1178, 58);(876, 595)
(1178, 58);(876, 595)
(1178, 58);(876, 595)
(1178, 58);(876, 595)
(1178, 58);(876, 595)
(1178, 58);(876, 595)
(1178, 58);(876, 595)
(1178, 58);(876, 595)
(1178, 58);(876, 595)
(1178, 58);(876, 595)
(1178, 58);(876, 595)
(1178, 58);(876, 595)
(1178, 58);(876, 595)
(1178, 58);(876, 595)
(1178, 66);(879, 591)
(1178, 66);(879, 591)
(1178, 66);(879, 591)
(1178, 66);(879, 591)
(1178, 66);(879, 591)
(1178, 66);(879, 591)
(1178, 58);(879, 591)
(1178, 58);(879, 591)
(1178, 58);(879, 591)
(1178, 58);(879, 591)
(1178, 58);(879, 591)
(1178, 58);(879, 591)
(1178, 58);(879, 591)
(1178, 58);(879, 591)
(1178, 58);(879, 591)
(1178, 58);(875, 594)
(1178, 58);(875, 594)
(1178, 58);(875, 594)
(1178, 58);(875, 594)
(1178, 58);(875, 594)
(1178, 58);(875, 594)
(1178, 58);(879, 591)
(1178, 58);(879, 591)
(1178, 58);(879, 591)
(1178, 58);(879, 591)
(1178, 58);(879, 591)
(1178, 58);(879, 591)
(1178, 58);(879, 591)
(1178, 58);(879, 591)
(1178, 58);(879, 591)
(1178, 66);(879, 595)
(1178, 66);(879, 595)
(1178, 66);(879, 595)
(1178, 66);(879, 595)
(1178, 66);(879, 595)
(1178, 66);(879, 595)
(1178, 66);(879, 595)
(1178, 66);(879, 595)
(1178, 66);(879, 595)
(1178, 66);(879, 595)
(1178, 66);(878, 594)
(1178, 66);(878, 594)
(1178, 66);(878, 594)
(1178, 66);(878, 594)
(1178, 66);(878, 594)
(1176, 66);(882, 591)
(1176, 66);(882, 591)
(1176, 66);(882, 591)
(1176, 66);(882, 591)
(1176, 66);(882, 591)
(1176, 66);(882, 591)
(1176, 66);(882, 591)
(1176, 66);(882, 591)
(1176, 66);(882, 591)
(1176, 66);(882, 591)
(1176, 66);(878, 595)
(1176, 66);(878, 595)
(1176, 66);(878, 595)
(1176, 66);(878, 595)
(1176, 66);(878, 595)
(1178, 58);(882, 591)
